league,season,club,name,position,age,market_value_eur,contract_expiry
ES1,2024,Real Madrid,Thibaut Courtois,Goalkeeper,33,20000000.0,09/08/2018
ES1,2024,Real Madrid,Andriy Lunin,Goalkeeper,26,18000000.0,01/07/2018
ES1,2024,Real Madrid,Fran González,Goalkeeper,20,400000.0,01/07/2026
ES1,2024,Real Madrid,Sergio Mestre,Goalkeeper,20,50000.0,
ES1,2024,Real Madrid,Dean Huijsen,Centre-Back,20,60000000.0,01/06/2025
ES1,2024,Real Madrid,Raúl Asencio,Centre-Back,22,40000000.0,01/07/2024
ES1,2024,Real Madrid,Éder Militão,Centre-Back,27,30000000.0,01/07/2019
ES1,2024,Real Madrid,Antonio Rüdiger,Centre-Back,32,20000000.0,01/07/2022
ES1,2024,Real Madrid,David Alaba,Centre-Back,33,6000000.0,01/07/2021
ES1,2024,Real Madrid,Jacobo Ramón,Centre-Back,20,1000000.0,
ES1,2024,Real Madrid,Diego Aguado,Centre-Back,18,1000000.0,
ES1,2024,Real Madrid,Jesús Vallejo,Centre-Back,28,1000000.0,31/07/2015
ES1,2024,Real Madrid,Víctor Valdepeñas,Centre-Back,18,500000.0,
ES1,2024,Real Madrid,Mario Rivas,Centre-Back,18,300000.0,
ES1,2024,Real Madrid,Fran García,Left-Back,25,18000000.0,01/07/2023
ES1,2024,Real Madrid,Ferland Mendy,Left-Back,30,14000000.0,01/07/2019
ES1,2024,Real Madrid,Youssef Enríquez,Left-Back,19,500000.0,
ES1,2024,Real Madrid,Trent Alexander-Arnold,Right-Back,26,75000000.0,01/06/2025
ES1,2024,Real Madrid,Daniel Carvajal,Right-Back,33,8000000.0,01/07/2013
ES1,2024,Real Madrid,Lucas Vázquez,Right-Back,33,3000000.0,02/07/2015
ES1,2024,Real Madrid,David Jiménez,Right-Back,21,400000.0,
ES1,2024,Real Madrid,Jesús Fortea,Right-Back,18,200000.0,
ES1,2024,Real Madrid,Lorenzo Aguado,Right-Back,22,100000.0,
ES1,2024,Real Madrid,Aurélien Tchouaméni,Defensive Midfield,25,75000000.0,01/07/2022
ES1,2024,Real Madrid,Mario Martín,Defensive Midfield,21,1500000.0,01/07/2024
ES1,2024,Real Madrid,Chema Andrés,Defensive Midfield,20,800000.0,
ES1,2024,Real Madrid,Federico Valverde,Central Midfield,26,130000000.0,01/07/2018
ES1,2024,Real Madrid,Eduardo Camavinga,Central Midfield,22,60000000.0,31/08/2021
ES1,2024,Real Madrid,Dani Ceballos,Central Midfield,28,10000000.0,14/07/2017
ES1,2024,Real Madrid,Luka Modrić,Central Midfield,39,4000000.0,27/08/2012
ES1,2024,Real Madrid,Jude Bellingham,Attacking Midfield,22,180000000.0,01/07/2023
ES1,2024,Real Madrid,Arda Güler,Attacking Midfield,20,45000000.0,06/07/2023
ES1,2024,Real Madrid,Pol Fortuny,Attacking Midfield,20,400000.0,
ES1,2024,Real Madrid,Vinicius Junior,Left Winger,24,170000000.0,12/07/2018
ES1,2024,Real Madrid,Víctor Muñoz,Left Winger,21,1000000.0,01/07/2025
ES1,2024,Real Madrid,Hugo de Llanos,Left Winger,20,200000.0,
ES1,2024,Real Madrid,Rodrygo,Right Winger,24,90000000.0,01/07/2019
ES1,2024,Real Madrid,Brahim Díaz,Right Winger,25,40000000.0,06/01/2019
ES1,2024,Real Madrid,Daniel Yáñez,Right Winger,18,150000.0,
ES1,2024,Real Madrid,Kylian Mbappé,Centre-Forward,26,180000000.0,01/07/2024
ES1,2024,Real Madrid,Endrick,Centre-Forward,18,35000000.0,21/07/2024
ES1,2024,Real Madrid,Gonzalo García,Centre-Forward,21,8000000.0,01/06/2025
ES1,2024,FC Barcelona,Marc ter Stegen,Goalkeeper,33,12000000.0,01/07/2014
ES1,2024,FC Barcelona,Iñaki Peña,Goalkeeper,26,8000000.0,30/01/2022
ES1,2024,FC Barcelona,Wojciech Szczesny,Goalkeeper,35,1000000.0,02/10/2024
ES1,2024,FC Barcelona,Ander Astralaga,Goalkeeper,21,800000.0,
ES1,2024,FC Barcelona,Diego Kochen,Goalkeeper,19,500000.0,01/07/2026
ES1,2024,FC Barcelona,Áron Yaakobishvili,Goalkeeper,19,300000.0,01/07/2025
ES1,2024,FC Barcelona,Pau Cubarsí,Centre-Back,18,80000000.0,01/01/2024
ES1,2024,FC Barcelona,Ronald Araujo,Centre-Back,26,35000000.0,05/10/2020
ES1,2024,FC Barcelona,Eric García,Centre-Back,24,18000000.0,01/07/2021
ES1,2024,FC Barcelona,Andreas Christensen,Centre-Back,29,12000000.0,04/07/2022
ES1,2024,FC Barcelona,Gerard Martín,Centre-Back,23,12000000.0,01/07/2024
ES1,2024,FC Barcelona,Iñigo Martínez,Centre-Back,34,5000000.0,05/07/2023
ES1,2024,FC Barcelona,Sergi Domínguez,Centre-Back,20,1000000.0,
ES1,2024,FC Barcelona,Alexis Olmedo,Centre-Back,19,200000.0,
ES1,2024,FC Barcelona,Andrés Cuenca,Centre-Back,18,200000.0,
ES1,2024,FC Barcelona,Álvaro Cortés,Centre-Back,20,150000.0,01/07/2026
ES1,2024,FC Barcelona,Alejandro Balde,Left-Back,21,60000000.0,01/07/2022
ES1,2024,FC Barcelona,Álex Valle,Left-Back,21,6000000.0,01/07/2023
ES1,2024,FC Barcelona,Jules Koundé,Right-Back,26,65000000.0,28/07/2022
ES1,2024,FC Barcelona,Héctor Fort,Right-Back,18,10000000.0,01/07/2024
ES1,2024,FC Barcelona,Landry Farré,Right-Back,18,300000.0,
ES1,2024,FC Barcelona,Marc Casadó,Defensive Midfield,21,30000000.0,01/07/2024
ES1,2024,FC Barcelona,Marc Bernal,Defensive Midfield,18,5000000.0,01/07/2024
ES1,2024,FC Barcelona,Pedri,Central Midfield,22,140000000.0,02/09/2019
ES1,2024,FC Barcelona,Gavi,Central Midfield,20,60000000.0,01/07/2021
ES1,2024,FC Barcelona,Frenkie de Jong,Central Midfield,28,45000000.0,01/07/2019
ES1,2024,FC Barcelona,Guille Fernández,Central Midfield,17,3000000.0,
ES1,2024,FC Barcelona,Dani Olmo,Attacking Midfield,27,60000000.0,09/08/2024
ES1,2024,FC Barcelona,Fermín López,Attacking Midfield,22,50000000.0,01/07/2023
ES1,2024,FC Barcelona,Pablo Torre,Attacking Midfield,22,6000000.0,01/07/2022
ES1,2024,FC Barcelona,Toni Fernández,Attacking Midfield,16,3000000.0,01/07/2026
ES1,2024,FC Barcelona,Noah Darvich,Attacking Midfield,18,2000000.0,
ES1,2024,FC Barcelona,Raphinha,Left Winger,28,90000000.0,13/07/2022
ES1,2024,FC Barcelona,Ansu Fati,Left Winger,22,5000000.0,23/09/2020
ES1,2024,FC Barcelona,Lamine Yamal,Right Winger,17,200000000.0,01/07/2023
ES1,2024,FC Barcelona,Dani Rodríguez,Right Winger,19,200000.0,
ES1,2024,FC Barcelona,Ferran Torres,Centre-Forward,25,40000000.0,01/01/2022
ES1,2024,FC Barcelona,Robert Lewandowski,Centre-Forward,36,12000000.0,19/07/2022
ES1,2024,FC Barcelona,Pau Víctor,Centre-Forward,23,4000000.0,24/07/2024
ES1,2024,Atlético de Madrid,Jan Oblak,Goalkeeper,32,20000000.0,16/07/2014
ES1,2024,Atlético de Madrid,Juan Musso,Goalkeeper,31,3500000.0,10/06/2025
ES1,2024,Atlético de Madrid,Horațiu Moldovan,Goalkeeper,27,2200000.0,24/01/2024
ES1,2024,Atlético de Madrid,Alejandro Iturbe,Goalkeeper,21,2000000.0,
ES1,2024,Atlético de Madrid,Antonio Gomis,Goalkeeper,22,150000.0,
ES1,2024,Atlético de Madrid,Robin Le Normand,Centre-Back,28,40000000.0,27/07/2024
ES1,2024,Atlético de Madrid,José María Giménez,Centre-Back,30,20000000.0,25/04/2013
ES1,2024,Atlético de Madrid,Clément Lenglet,Centre-Back,30,7500000.0,01/07/2025
ES1,2024,Atlético de Madrid,César Azpilicueta,Centre-Back,35,1500000.0,06/07/2023
ES1,2024,Atlético de Madrid,Ilias Kostis,Centre-Back,22,500000.0,
ES1,2024,Atlético de Madrid,Gerónimo Spina,Centre-Back,20,200000.0,
ES1,2024,Atlético de Madrid,Reinildo Mandava,Left-Back,31,5000000.0,31/01/2022
ES1,2024,Atlético de Madrid,Javi Galán,Left-Back,30,4000000.0,03/07/2023
ES1,2024,Atlético de Madrid,Marcos Llorente,Right-Back,30,25000000.0,01/07/2019
ES1,2024,Atlético de Madrid,Nahuel Molina,Right-Back,27,20000000.0,28/07/2022
ES1,2024,Atlético de Madrid,Santiago Mouriño,Right-Back,23,3000000.0,31/07/2025
ES1,2024,Atlético de Madrid,Carlos Giménez,Right-Back,22,250000.0,
ES1,2024,Atlético de Madrid,Arthur Vermeeren,Defensive Midfield,20,22000000.0,26/01/2024
ES1,2024,Atlético de Madrid,Axel Witsel,Defensive Midfield,36,2000000.0,06/07/2022
ES1,2024,Atlético de Madrid,Pablo Barrios,Central Midfield,22,55000000.0,23/01/2023
ES1,2024,Atlético de Madrid,Conor Gallagher,Central Midfield,25,40000000.0,21/08/2024
ES1,2024,Atlético de Madrid,Rodrigo De Paul,Central Midfield,31,25000000.0,12/07/2021
ES1,2024,Atlético de Madrid,Koke,Central Midfield,33,8000000.0,01/01/2011
ES1,2024,Atlético de Madrid,Javi Serrano,Central Midfield,22,700000.0,01/07/2022
ES1,2024,Atlético de Madrid,Aitor Gismera,Central Midfield,21,250000.0,
ES1,2024,Atlético de Madrid,Thomas Lemar,Attacking Midfield,29,5000000.0,01/07/2018
ES1,2024,Atlético de Madrid,Rayane Belaid,Attacking Midfield,20,600000.0,
ES1,2024,Atlético de Madrid,Samuel Lino,Left Winger,25,22000000.0,08/07/2022
ES1,2024,Atlético de Madrid,Rodrigo Riquelme,Left Winger,25,12000000.0,01/07/2020
ES1,2024,Atlético de Madrid,Carlos Martín,Left Winger,23,2800000.0,01/07/2023
ES1,2024,Atlético de Madrid,Germán Valera,Left Winger,23,1500000.0,01/07/2023
ES1,2024,Atlético de Madrid,Marcos Paulo,Left Winger,24,450000.0,01/07/2021
ES1,2024,Atlético de Madrid,Giuliano Simeone,Right Winger,22,35000000.0,01/07/2022
ES1,2024,Atlético de Madrid,Víctor Mollejo,Right Winger,24,300000.0,01/01/2019
ES1,2024,Atlético de Madrid,Antoine Griezmann,Second Striker,34,18000000.0,01/07/2023
ES1,2024,Atlético de Madrid,Ángel Correa,Second Striker,30,10000000.0,01/01/2015
ES1,2024,Atlético de Madrid,Julián Alvarez,Centre-Forward,25,100000000.0,12/08/2024
ES1,2024,Atlético de Madrid,Alexander Sørloth,Centre-Forward,29,25000000.0,03/08/2024
ES1,2024,Atlético de Madrid,Omar Janneh,Centre-Forward,18,1000000.0,
ES1,2024,Atlético de Madrid,Adrián Niño,Centre-Forward,21,800000.0,
ES1,2024,Atlético de Madrid,Borja Garcés,Centre-Forward,25,300000.0,01/07/2021
ES1,2024,Athletic Bilbao,Unai Simón,Goalkeeper,28,28000000.0,01/07/2018
ES1,2024,Athletic Bilbao,Julen Agirrezabala,Goalkeeper,24,15000000.0,01/07/2022
ES1,2024,Athletic Bilbao,Álex Padilla,Goalkeeper,21,3000000.0,01/07/2024
ES1,2024,Athletic Bilbao,Oier Gastesi,Goalkeeper,21,150000.0,
ES1,2024,Athletic Bilbao,Dani Vivian,Centre-Back,25,40000000.0,01/08/2020
ES1,2024,Athletic Bilbao,Aitor Paredes,Centre-Back,25,22000000.0,01/07/2022
ES1,2024,Athletic Bilbao,Yeray Álvarez,Centre-Back,30,7000000.0,01/07/2016
ES1,2024,Athletic Bilbao,Unai Núñez,Centre-Back,28,3000000.0,28/08/2024
ES1,2024,Athletic Bilbao,Unai Egiluz,Centre-Back,23,600000.0,01/07/2024
ES1,2024,Athletic Bilbao,Aimar Duñabeitia,Centre-Back,22,150000.0,
ES1,2024,Athletic Bilbao,Ander Izagirre,Centre-Back,22,50000.0,
ES1,2024,Athletic Bilbao,Adama Boiro,Left-Back,23,2500000.0,01/07/2024
ES1,2024,Athletic Bilbao,Yuri Berchiche,Left-Back,35,1400000.0,02/07/2018
ES1,2024,Athletic Bilbao,Andoni Gorosabel,Right-Back,28,5000000.0,01/07/2024
ES1,2024,Athletic Bilbao,Iñigo Lekue,Right-Back,32,2000000.0,01/07/2016
ES1,2024,Athletic Bilbao,Óscar de Marcos,Right-Back,36,1500000.0,01/07/2009
ES1,2024,Athletic Bilbao,Mikel Vesga,Defensive Midfield,32,2500000.0,01/07/2016
ES1,2024,Athletic Bilbao,Mikel Jauregizar,Central Midfield,21,30000000.0,01/07/2024
ES1,2024,Athletic Bilbao,Beñat Prados,Central Midfield,24,18000000.0,01/07/2022
ES1,2024,Athletic Bilbao,Iñigo Ruiz de Galarreta,Central Midfield,31,3000000.0,01/07/2023
ES1,2024,Athletic Bilbao,Ander Herrera,Central Midfield,35,800000.0,31/01/2023
ES1,2024,Athletic Bilbao,Alejandro Rego,Central Midfield,22,300000.0,01/07/2025
ES1,2024,Athletic Bilbao,Oihan Sancet,Attacking Midfield,25,60000000.0,04/08/2020
ES1,2024,Athletic Bilbao,Unai Gómez,Attacking Midfield,22,6000000.0,01/07/2023
ES1,2024,Athletic Bilbao,Peio Canales,Attacking Midfield,20,1000000.0,01/07/2025
ES1,2024,Athletic Bilbao,Nico Williams,Left Winger,22,70000000.0,01/07/2021
ES1,2024,Athletic Bilbao,Álex Berenguer,Left Winger,29,9000000.0,02/10/2020
ES1,2024,Athletic Bilbao,Álvaro Djaló,Left Winger,25,5000000.0,01/07/2024
ES1,2024,Athletic Bilbao,Nico Serrano,Left Winger,22,1200000.0,01/07/2022
ES1,2024,Athletic Bilbao,Iker Varela,Left Winger,22,300000.0,
ES1,2024,Athletic Bilbao,Iñaki Williams,Right Winger,31,15000000.0,01/07/2015
ES1,2024,Athletic Bilbao,Adu Ares,Right Winger,23,1600000.0,01/07/2023
ES1,2024,Athletic Bilbao,Aingeru Olabarrieta,Right Winger,19,500000.0,
ES1,2024,Athletic Bilbao,Endika Buján,Right Winger,22,300000.0,
ES1,2024,Athletic Bilbao,Maroan Sannadi,Centre-Forward,24,10000000.0,01/02/2025
ES1,2024,Athletic Bilbao,Gorka Guruzeta,Centre-Forward,28,9000000.0,03/07/2022
ES1,2024,Athletic Bilbao,Javi Martón,Centre-Forward,26,500000.0,05/07/2023
ES1,2024,Real Sociedad,Álex Remiro,Goalkeeper,30,18000000.0,01/07/2019
ES1,2024,Real Sociedad,Unai Marrero,Goalkeeper,23,600000.0,01/07/2023
ES1,2024,Real Sociedad,Aitor Fraga,Goalkeeper,22,500000.0,
ES1,2024,Real Sociedad,Egoitz Arana,Goalkeeper,23,50000.0,
ES1,2024,Real Sociedad,Nayef Aguerd,Centre-Back,29,18000000.0,30/08/2024
ES1,2024,Real Sociedad,Igor Zubeldia,Centre-Back,28,12000000.0,01/07/2017
ES1,2024,Real Sociedad,Jon Martín,Centre-Back,19,8000000.0,01/07/2024
ES1,2024,Real Sociedad,Jon Pacheco,Centre-Back,24,6000000.0,01/07/2022
ES1,2024,Real Sociedad,Aritz Elustondo,Centre-Back,31,3000000.0,04/01/2016
ES1,2024,Real Sociedad,Luken Beitia,Centre-Back,21,300000.0,
ES1,2024,Real Sociedad,Sergio Gómez,Left-Back,24,20000000.0,12/07/2024
ES1,2024,Real Sociedad,Javi López,Left-Back,23,7500000.0,21/07/2024
ES1,2024,Real Sociedad,Aihen Muñoz,Left-Back,27,4000000.0,01/07/2019
ES1,2024,Real Sociedad,Jon Balda,Left-Back,23,300000.0,
ES1,2024,Real Sociedad,Jon Aramburu,Right-Back,22,15000000.0,01/07/2024
ES1,2024,Real Sociedad,Hamari Traoré,Right-Back,33,2000000.0,01/07/2023
ES1,2024,Real Sociedad,Álvaro Odriozola,Right-Back,29,1000000.0,01/09/2023
ES1,2024,Real Sociedad,Iñaki Rupérez,Right-Back,22,300000.0,01/07/2026
ES1,2024,Real Sociedad,Martín Zubimendi,Defensive Midfield,26,60000000.0,10/09/2020
ES1,2024,Real Sociedad,Urko González de Zárate,Defensive Midfield,24,5000000.0,01/07/2023
ES1,2024,Real Sociedad,Luka Sucic,Central Midfield,22,15000000.0,02/08/2024
ES1,2024,Real Sociedad,Beñat Turrientes,Central Midfield,23,10000000.0,07/08/2022
ES1,2024,Real Sociedad,Jon Ander Olasagasti,Central Midfield,24,4000000.0,01/07/2023
ES1,2024,Real Sociedad,Mikel Rodriguez,Central Midfield,23,250000.0,
ES1,2024,Real Sociedad,Brais Méndez,Attacking Midfield,28,22000000.0,06/07/2022
ES1,2024,Real Sociedad,Arsen Zakharyan,Attacking Midfield,22,9000000.0,19/08/2023
ES1,2024,Real Sociedad,Pablo Marín,Attacking Midfield,21,8000000.0,01/07/2024
ES1,2024,Real Sociedad,Jon Magunazelaia,Attacking Midfield,23,600000.0,01/07/2024
ES1,2024,Real Sociedad,Mikel Goti,Attacking Midfield,23,400000.0,01/07/2025
ES1,2024,Real Sociedad,Ander Barrenetxea,Left Winger,23,15000000.0,01/07/2019
ES1,2024,Real Sociedad,Sheraldo Becker,Left Winger,30,2500000.0,18/01/2024
ES1,2024,Real Sociedad,Arkaitz Mariezkurrena,Left Winger,20,700000.0,
ES1,2024,Real Sociedad,Alex Marchal,Left Winger,17,500000.0,
ES1,2024,Real Sociedad,Takefusa Kubo,Right Winger,24,30000000.0,19/07/2022
ES1,2024,Real Sociedad,Dani Díaz,Right Winger,19,300000.0,
ES1,2024,Real Sociedad,Mikel Oyarzabal,Centre-Forward,28,25000000.0,01/01/2016
ES1,2024,Real Sociedad,Orri Óskarsson,Centre-Forward,20,15000000.0,30/08/2024
ES1,2024,Real Sociedad,Umar Sadiq,Centre-Forward,28,5000000.0,01/09/2022
ES1,2024,Real Sociedad,Ekain Orobengoa,Centre-Forward,21,250000.0,
ES1,2024,Real Betis Balompié,Rui Silva,Goalkeeper,31,7000000.0,01/07/2021
ES1,2024,Real Betis Balompié,Fran Vieites,Goalkeeper,26,2000000.0,01/07/2024
ES1,2024,Real Betis Balompié,Adrián San Miguel,Goalkeeper,38,500000.0,08/07/2024
ES1,2024,Real Betis Balompié,Guilherme Fernandes,Goalkeeper,24,150000.0,01/07/2025
ES1,2024,Real Betis Balompié,Germán García,Goalkeeper,21,50000.0,
ES1,2024,Real Betis Balompié,Manu González,Goalkeeper,18,,
ES1,2024,Real Betis Balompié,Natan,Centre-Back,24,9000000.0,01/07/2025
ES1,2024,Real Betis Balompié,Diego Llorente,Centre-Back,31,6000000.0,09/07/2024
ES1,2024,Real Betis Balompié,Nobel Mendy,Centre-Back,20,4000000.0,01/07/2025
ES1,2024,Real Betis Balompié,Marc Bartra,Centre-Back,34,1000000.0,24/07/2023
ES1,2024,Real Betis Balompié,Sergio Arribas,Centre-Back,22,400000.0,01/07/2025
ES1,2024,Real Betis Balompié,Rudy Kohon,Centre-Back,21,400000.0,
ES1,2024,Real Betis Balompié,Romain Perraud,Left-Back,27,5000000.0,01/07/2024
ES1,2024,Real Betis Balompié,Ricardo Rodríguez,Left-Back,32,2000000.0,05/08/2024
ES1,2024,Real Betis Balompié,Lucas Alcázar,Left-Back,22,300000.0,
ES1,2024,Real Betis Balompié,Xavi Pleguezuelo,Left-Back,22,100000.0,
ES1,2024,Real Betis Balompié,Ángel Ortiz,Right-Back,20,2500000.0,01/01/2025
ES1,2024,Real Betis Balompié,Héctor Bellerín,Right-Back,30,2000000.0,18/07/2023
ES1,2024,Real Betis Balompié,Youssouf Sabaly,Right-Back,32,1800000.0,01/07/2021
ES1,2024,Real Betis Balompié,Pablo Busto,Right-Back,19,300000.0,
ES1,2024,Real Betis Balompié,Sergi Altimira,Defensive Midfield,23,15000000.0,11/08/2023
ES1,2024,Real Betis Balompié,Marc Roca,Defensive Midfield,28,6000000.0,01/07/2024
ES1,2024,Real Betis Balompié,William Carvalho,Defensive Midfield,33,1500000.0,13/07/2018
ES1,2024,Real Betis Balompié,Carlos Guirao,Defensive Midfield,22,300000.0,
ES1,2024,Real Betis Balompié,Johnny Cardoso,Central Midfield,23,25000000.0,01/01/2024
ES1,2024,Real Betis Balompié,Pablo Fornals,Central Midfield,29,6000000.0,01/02/2024
ES1,2024,Real Betis Balompié,Mateo Flores,Central Midfield,21,1000000.0,01/07/2025
ES1,2024,Real Betis Balompié,Giovani Lo Celso,Attacking Midfield,29,15000000.0,30/08/2024
ES1,2024,Real Betis Balompié,Nabil Fekir,Attacking Midfield,31,7000000.0,23/07/2019
ES1,2024,Real Betis Balompié,Isco,Attacking Midfield,33,6000000.0,26/07/2023
ES1,2024,Real Betis Balompié,Dani Pérez,Attacking Midfield,19,500000.0,
ES1,2024,Real Betis Balompié,Carlos Reina,Attacking Midfield,20,300000.0,
ES1,2024,Real Betis Balompié,Assane Diao,Left Winger,19,30000000.0,03/10/2023
ES1,2024,Real Betis Balompié,Jesús Rodríguez,Left Winger,19,30000000.0,01/01/2025
ES1,2024,Real Betis Balompié,Abde Ezzalzouli,Left Winger,23,12000000.0,01/09/2023
ES1,2024,Real Betis Balompié,Juanmi,Left Winger,32,2000000.0,01/07/2019
ES1,2024,Real Betis Balompié,Antony,Right Winger,25,35000000.0,01/09/2025
ES1,2024,Real Betis Balompié,Pablo García,Right Winger,19,5000000.0,01/07/2025
ES1,2024,Real Betis Balompié,Aitor Ruibal,Right Winger,29,3500000.0,01/07/2019
ES1,2024,Real Betis Balompié,Rodri Sánchez,Right Winger,25,2700000.0,01/07/2021
ES1,2024,Real Betis Balompié,Iker Losada,Second Striker,23,1500000.0,06/07/2024
ES1,2024,Real Betis Balompié,Vitor Roque,Centre-Forward,20,20000000.0,26/08/2024
ES1,2024,Real Betis Balompié,Cucho Hernández,Centre-Forward,26,18000000.0,03/02/2025
ES1,2024,Real Betis Balompié,Chimy Ávila,Centre-Forward,31,2000000.0,01/02/2024
ES1,2024,Real Betis Balompié,Cédric Bakambu,Centre-Forward,34,1500000.0,01/02/2024
ES1,2024,Real Betis Balompié,Marcos Fernández,Centre-Forward,22,400000.0,
ES1,2024,Villarreal CF,Luiz Júnior,Goalkeeper,24,10000000.0,20/08/2024
ES1,2024,Villarreal CF,Diego Conde,Goalkeeper,26,7500000.0,02/07/2024
ES1,2024,Villarreal CF,Iker Álvarez,Goalkeeper,23,800000.0,
ES1,2024,Villarreal CF,Rubén Gómez,Goalkeeper,23,100000.0,01/07/2026
ES1,2024,Villarreal CF,Logan Costa,Centre-Back,24,18000000.0,22/08/2024
ES1,2024,Villarreal CF,Juan Foyth,Centre-Back,27,15000000.0,01/07/2021
ES1,2024,Villarreal CF,Willy Kambwala,Centre-Back,20,4000000.0,15/07/2024
ES1,2024,Villarreal CF,Pau Navarro,Centre-Back,20,3000000.0,01/11/2024
ES1,2024,Villarreal CF,Eric Bailly,Centre-Back,31,2000000.0,01/01/2024
ES1,2024,Villarreal CF,Raúl Albiol,Centre-Back,39,1000000.0,04/07/2019
ES1,2024,Villarreal CF,Antonio Espigares,Centre-Back,20,500000.0,
ES1,2024,Villarreal CF,Jean Ives Valou,Centre-Back,19,200000.0,01/07/2026
ES1,2024,Villarreal CF,Sergi Cardona,Left-Back,25,10000000.0,18/07/2024
ES1,2024,Villarreal CF,Alfonso Pedraza,Left-Back,29,2500000.0,01/07/2016
ES1,2024,Villarreal CF,Juan Bernat,Left-Back,32,2000000.0,21/01/2025
ES1,2024,Villarreal CF,Arnau Solà,Left-Back,22,400000.0,
ES1,2024,Villarreal CF,Kiko Femenía,Right-Back,34,900000.0,28/07/2022
ES1,2024,Villarreal CF,Pape Gueye,Central Midfield,26,15000000.0,05/07/2024
ES1,2024,Villarreal CF,Santi Comesaña,Central Midfield,28,8000000.0,01/07/2023
ES1,2024,Villarreal CF,Ramón Terrats,Central Midfield,24,4000000.0,01/07/2023
ES1,2024,Villarreal CF,Dani Parejo,Central Midfield,36,1500000.0,12/08/2020
ES1,2024,Villarreal CF,Dani Requena,Central Midfield,21,400000.0,01/07/2025
ES1,2024,Villarreal CF,Thiago Ojeda,Central Midfield,22,250000.0,
ES1,2024,Villarreal CF,Alassane Diatta,Central Midfield,20,200000.0,01/07/2026
ES1,2024,Villarreal CF,Denis Suárez,Attacking Midfield,31,1200000.0,01/07/2023
ES1,2024,Villarreal CF,Álex Baena,Left Winger,23,55000000.0,01/08/2020
ES1,2024,Villarreal CF,Yéremy Pino,Left Winger,22,30000000.0,01/08/2020
ES1,2024,Villarreal CF,Arnaut Danjuma,Left Winger,28,4000000.0,19/08/2021
ES1,2024,Villarreal CF,Ilias Akhomach,Right Winger,21,15000000.0,03/07/2023
ES1,2024,Villarreal CF,Tajon Buchanan,Right Winger,26,6000000.0,29/07/2025
ES1,2024,Villarreal CF,Nicolas Pépé,Right Winger,30,6000000.0,04/08/2024
ES1,2024,Villarreal CF,Thierno Barry,Centre-Forward,22,20000000.0,21/08/2024
ES1,2024,Villarreal CF,Ayoze Pérez,Centre-Forward,31,10000000.0,13/08/2024
ES1,2024,Villarreal CF,Karl Etta Eyong,Centre-Forward,21,5000000.0,01/07/2025
ES1,2024,Villarreal CF,Gerard Moreno,Centre-Forward,33,4000000.0,01/07/2018
ES1,2024,Villarreal CF,Pau Cabanes,Centre-Forward,20,800000.0,01/01/2025
ES1,2024,Valencia CF,Giorgi Mamardashvili,Goalkeeper,24,30000000.0,28/08/2024
ES1,2024,Valencia CF,Stole Dimitrievski,Goalkeeper,31,2500000.0,01/07/2024
ES1,2024,Valencia CF,Jaume Doménech,Goalkeeper,34,400000.0,01/07/2015
ES1,2024,Valencia CF,Vicent Abril,Goalkeeper,20,200000.0,
ES1,2024,Valencia CF,Raúl Jiménez,Goalkeeper,19,,
ES1,2024,Valencia CF,Cristhian Mosquera,Centre-Back,21,30000000.0,01/01/2023
ES1,2024,Valencia CF,César Tárrega,Centre-Back,23,10000000.0,18/01/2024
ES1,2024,Valencia CF,Yarek Gasiorowski,Centre-Back,20,7500000.0,01/10/2023
ES1,2024,Valencia CF,Mouctar Diakhaby,Centre-Back,28,2000000.0,01/07/2018
ES1,2024,Valencia CF,Cenk Özkacar,Centre-Back,24,1200000.0,01/07/2023
ES1,2024,Valencia CF,Maximiliano Caufriez,Centre-Back,28,1000000.0,29/08/2024
ES1,2024,Valencia CF,Álex Serradell,Centre-Back,22,150000.0,
ES1,2024,Valencia CF,Iker Córdoba,Centre-Back,19,100000.0,01/07/2025
ES1,2024,Valencia CF,José Gayà,Left-Back,30,9000000.0,01/07/2014
ES1,2024,Valencia CF,Jesús Vázquez,Left-Back,22,3000000.0,01/01/2022
ES1,2024,Valencia CF,Ro Abajas,Left-Back,22,100000.0,
ES1,2024,Valencia CF,Max Aarons,Right-Back,25,6000000.0,13/01/2025
ES1,2024,Valencia CF,Thierry Correia,Right-Back,26,3000000.0,02/09/2019
ES1,2024,Valencia CF,Dimitri Foulquier,Right-Back,32,1500000.0,30/08/2021
ES1,2024,Valencia CF,Rubén Iranzo,Right-Back,22,300000.0,
ES1,2024,Valencia CF,Enzo Barrenechea,Defensive Midfield,24,10000000.0,30/08/2024
ES1,2024,Valencia CF,Pepelu,Defensive Midfield,26,9000000.0,08/07/2023
ES1,2024,Valencia CF,Hugo Guillamón,Defensive Midfield,25,2500000.0,01/07/2020
ES1,2024,Valencia CF,Javi Guerra,Central Midfield,22,25000000.0,01/07/2023
ES1,2024,Valencia CF,Pedro Alemañ,Central Midfield,23,200000.0,
ES1,2024,Valencia CF,Lucas Núñez,Central Midfield,19,25000.0,01/07/2026
ES1,2024,Valencia CF,André Almeida,Attacking Midfield,25,10000000.0,25/08/2022
ES1,2024,Valencia CF,Iván Jaime,Attacking Midfield,24,5000000.0,03/02/2025
ES1,2024,Valencia CF,Germán Valera,Left Winger,23,1500000.0,30/08/2024
ES1,2024,Valencia CF,Sergi Canós,Left Winger,28,1000000.0,20/08/2023
ES1,2024,Valencia CF,Martín Tejón,Left Winger,21,500000.0,
ES1,2024,Valencia CF,Warren Madrigal,Left Winger,20,400000.0,
ES1,2024,Valencia CF,Pablo López,Left Winger,19,50000.0,
ES1,2024,Valencia CF,Diego López,Right Winger,23,15000000.0,01/07/2023
ES1,2024,Valencia CF,Fran Pérez,Right Winger,22,3000000.0,01/07/2023
ES1,2024,Valencia CF,Luis Rioja,Right Winger,31,2000000.0,22/08/2024
ES1,2024,Valencia CF,David Otorbi,Right Winger,17,500000.0,
ES1,2024,Valencia CF,Hamza Bellari,Right Winger,22,100000.0,
ES1,2024,Valencia CF,Ismael Santana,Right Winger,21,25000.0,
ES1,2024,Valencia CF,Hugo Duro,Centre-Forward,25,14000000.0,01/07/2022
ES1,2024,Valencia CF,Umar Sadiq,Centre-Forward,28,5000000.0,08/01/2026
ES1,2024,Valencia CF,Dani Gómez,Centre-Forward,26,1000000.0,02/08/2024
ES1,2024,Valencia CF,Alberto Marí,Centre-Forward,23,1000000.0,26/07/2023
ES1,2024,Valencia CF,Rafa Mir,Centre-Forward,28,800000.0,11/07/2024
ES1,2024,Sevilla FC,Álvaro Ferllo,Goalkeeper,27,2000000.0,12/08/2024
ES1,2024,Sevilla FC,Ørjan Nyland,Goalkeeper,34,900000.0,20/08/2023
ES1,2024,Sevilla FC,Alberto Flores,Goalkeeper,21,300000.0,
ES1,2024,Sevilla FC,Matías Árbol,Goalkeeper,22,100000.0,
ES1,2024,Sevilla FC,Rafa Romero,Goalkeeper,21,,
ES1,2024,Sevilla FC,Loïc Badé,Centre-Back,25,25000000.0,01/07/2023
ES1,2024,Sevilla FC,Kike Salas,Centre-Back,23,8000000.0,01/01/2023
ES1,2024,Sevilla FC,Marcão,Centre-Back,29,2000000.0,08/07/2022
ES1,2024,Sevilla FC,Tanguy Nianzou,Centre-Back,23,1500000.0,17/08/2022
ES1,2024,Sevilla FC,Ramón Martínez,Centre-Back,22,1000000.0,01/07/2025
ES1,2024,Sevilla FC,Andrés Castrín,Centre-Back,22,250000.0,01/01/2026
ES1,2024,Sevilla FC,Adrià Pedrosa,Left-Back,27,7000000.0,01/07/2023
ES1,2024,Sevilla FC,Diego Hormigo,Left-Back,22,300000.0,
ES1,2024,Sevilla FC,Oso,Left-Back,21,200000.0,01/01/2026
ES1,2024,Sevilla FC,José Ángel Carmona,Right-Back,23,12000000.0,01/07/2022
ES1,2024,Sevilla FC,Juanlu Sánchez,Right-Back,21,12000000.0,01/07/2022
ES1,2024,Sevilla FC,Gonzalo Montiel,Right-Back,28,5000000.0,13/08/2021
ES1,2024,Sevilla FC,Darío Benavides,Right-Back,22,300000.0,
ES1,2024,Sevilla FC,Lucien Agoumé,Defensive Midfield,23,8000000.0,06/08/2024
ES1,2024,Sevilla FC,Nemanja Gudelj,Defensive Midfield,33,3000000.0,23/07/2019
ES1,2024,Sevilla FC,Valentín Barco,Central Midfield,20,12000000.0,23/08/2024
ES1,2024,Sevilla FC,Albert Sambi Lokonga,Central Midfield,25,8000000.0,15/07/2024
ES1,2024,Sevilla FC,Djibril Sow,Central Midfield,28,7500000.0,04/08/2023
ES1,2024,Sevilla FC,Saúl Ñíguez,Central Midfield,30,3000000.0,15/07/2024
ES1,2024,Sevilla FC,Manu Bueno,Central Midfield,20,1500000.0,01/07/2025
ES1,2024,Sevilla FC,Pedro Ortiz,Central Midfield,24,600000.0,01/07/2024
ES1,2024,Sevilla FC,Pablo Rivera,Central Midfield,21,200000.0,
ES1,2024,Sevilla FC,Alberto Collado,Central Midfield,20,200000.0,
ES1,2024,Sevilla FC,Lulo Dasilva,Central Midfield,22,150000.0,
ES1,2024,Sevilla FC,Jesús Navas,Right Midfield,39,,01/08/2017
ES1,2024,Sevilla FC,Stanis Idumbo,Attacking Midfield,20,2500000.0,01/07/2024
ES1,2024,Sevilla FC,Rubén Vargas,Left Winger,26,7000000.0,10/01/2025
ES1,2024,Sevilla FC,Lucas Ocampos,Left Winger,30,6000000.0,03/07/2019
ES1,2024,Sevilla FC,Chidera Ejuke,Left Winger,27,4000000.0,01/07/2024
ES1,2024,Sevilla FC,Isra Domínguez,Left Winger,22,200000.0,
ES1,2024,Sevilla FC,Dodi Lukébakio,Right Winger,27,20000000.0,24/08/2023
ES1,2024,Sevilla FC,Suso,Right Winger,31,1500000.0,21/07/2020
ES1,2024,Sevilla FC,Peque Fernández,Second Striker,22,3500000.0,11/07/2024
ES1,2024,Sevilla FC,Isaac Romero,Centre-Forward,25,6000000.0,11/01/2024
ES1,2024,Sevilla FC,Akor Adams,Centre-Forward,25,5000000.0,27/01/2025
ES1,2024,Sevilla FC,Kelechi Iheanacho,Centre-Forward,28,4500000.0,31/07/2024
ES1,2024,Sevilla FC,Álvaro García Pascual,Centre-Forward,22,1000000.0,
ES1,2024,Sevilla FC,Mateo Mejía,Centre-Forward,22,400000.0,
ES1,2024,Sevilla FC,Leandro Antonetti,Centre-Forward,22,300000.0,
ES1,2024,Girona FC,Pau López,Goalkeeper,30,2500000.0,16/08/2024
ES1,2024,Girona FC,Paulo Gazzaniga,Goalkeeper,33,2500000.0,01/07/2023
ES1,2024,Girona FC,Vladyslav Krapyvtsov,Goalkeeper,20,200000.0,01/01/2025
ES1,2024,Girona FC,Juan Carlos,Goalkeeper,37,100000.0,01/07/2019
ES1,2024,Girona FC,Lucas Madrigal,Goalkeeper,21,,
ES1,2024,Girona FC,Aleksandar Andreev,Goalkeeper,19,,
ES1,2024,Girona FC,Jordi Danso,Goalkeeper,18,,
ES1,2024,Girona FC,Pau Funallet,Goalkeeper,18,,
ES1,2024,Girona FC,Ladislav Krejci,Centre-Back,26,12000000.0,01/07/2024
ES1,2024,Girona FC,Alejandro Francés,Centre-Back,22,2000000.0,26/07/2024
ES1,2024,Girona FC,Daley Blind,Centre-Back,35,1500000.0,07/07/2023
ES1,2024,Girona FC,David López,Centre-Back,35,1000000.0,25/07/2022
ES1,2024,Girona FC,Juanpe,Centre-Back,34,600000.0,07/07/2016
ES1,2024,Girona FC,Oriol Comas,Centre-Back,21,,
ES1,2024,Girona FC,Antal Yaakobishvili,Centre-Back,20,,01/07/2025
ES1,2024,Girona FC,Marc Aznar,Centre-Back,19,,
ES1,2024,Girona FC,Miguel Gutiérrez,Left-Back,23,20000000.0,05/08/2022
ES1,2024,Girona FC,Arnau Martínez,Right-Back,22,10000000.0,01/04/2021
ES1,2024,Girona FC,Ferran Ruiz,Right-Back,22,,
ES1,2024,Girona FC,Arthur Melo,Defensive Midfield,28,5000000.0,01/02/2025
ES1,2024,Girona FC,Oriol Romeu,Defensive Midfield,33,1200000.0,05/08/2024
ES1,2024,Girona FC,Selvi Clua,Defensive Midfield,20,300000.0,
ES1,2024,Girona FC,Yangel Herrera,Central Midfield,27,15000000.0,14/07/2023
ES1,2024,Girona FC,Iván Martín,Central Midfield,26,6000000.0,22/07/2023
ES1,2024,Girona FC,Donny van de Beek,Central Midfield,28,5000000.0,11/07/2024
ES1,2024,Girona FC,Jhon Solís,Central Midfield,20,2500000.0,01/09/2023
ES1,2024,Girona FC,Enric García,Central Midfield,18,,
ES1,2024,Girona FC,Raúl Martínez,Central Midfield,23,,
ES1,2024,Girona FC,Gabriel Misehouy,Attacking Midfield,19,1000000.0,10/07/2024
ES1,2024,Girona FC,Ricard Artero,Attacking Midfield,22,,
ES1,2024,Girona FC,Bryan Gil,Left Winger,24,15000000.0,01/09/2025
ES1,2024,Girona FC,Arnaut Danjuma,Left Winger,28,4000000.0,30/08/2024
ES1,2024,Girona FC,Joel Roca,Left Winger,20,1000000.0,01/07/2024
ES1,2024,Girona FC,Toni Villa,Left Winger,30,800000.0,01/09/2022
ES1,2024,Girona FC,Min-su Kim,Left Winger,19,300000.0,01/07/2025
ES1,2024,Girona FC,Juan Arango,Left Winger,19,,
ES1,2024,Girona FC,Jastin Garcia,Left Winger,21,,01/07/2025
ES1,2024,Girona FC,Viktor Tsygankov,Right Winger,27,18000000.0,17/01/2023
ES1,2024,Girona FC,Yáser Asprilla,Right Winger,21,15000000.0,23/08/2024
ES1,2024,Girona FC,Portu,Right Winger,33,1800000.0,01/09/2023
ES1,2024,Girona FC,Iker Almena,Right Winger,21,1300000.0,01/07/2024
ES1,2024,Girona FC,Papa Ba,Right Winger,21,,
ES1,2024,Girona FC,Abel Ruiz,Centre-Forward,25,4000000.0,01/07/2024
ES1,2024,Girona FC,Bojan Miovski,Centre-Forward,26,2500000.0,15/08/2024
ES1,2024,Girona FC,Cristhian Stuani,Centre-Forward,38,1000000.0,21/07/2017
ES1,2024,Girona FC,Dawda Camara,Centre-Forward,22,,23/08/2025
ES1,2024,Celta de Vigo,Iván Villar,Goalkeeper,27,900000.0,01/07/2019
ES1,2024,Celta de Vigo,Vicente Guaita,Goalkeeper,38,700000.0,01/09/2023
ES1,2024,Celta de Vigo,Marc Vidal,Goalkeeper,25,300000.0,01/07/2025
ES1,2024,Celta de Vigo,Coke Carrillo,Goalkeeper,23,200000.0,
ES1,2024,Celta de Vigo,César Fernández,Goalkeeper,21,200000.0,
ES1,2024,Celta de Vigo,Javi Rodríguez,Centre-Back,22,15000000.0,01/07/2024
ES1,2024,Celta de Vigo,Carl Starfelt,Centre-Back,30,6000000.0,10/08/2023
ES1,2024,Celta de Vigo,Carlos Domínguez,Centre-Back,24,3000000.0,01/01/2023
ES1,2024,Celta de Vigo,Marcos Alonso,Centre-Back,34,1500000.0,28/08/2024
ES1,2024,Celta de Vigo,Joseph Aidoo,Centre-Back,29,1200000.0,11/07/2019
ES1,2024,Celta de Vigo,Yoel Lago,Centre-Back,21,1000000.0,01/07/2025
ES1,2024,Celta de Vigo,Mihailo Ristic,Left-Back,29,900000.0,01/09/2023
ES1,2024,Celta de Vigo,Tincho Conde,Left-Back,22,300000.0,
ES1,2024,Celta de Vigo,Óscar Mingueza,Right-Back,26,20000000.0,30/07/2022
ES1,2024,Celta de Vigo,Sergio Carreira,Right-Back,24,4000000.0,01/07/2021
ES1,2024,Celta de Vigo,Javier Manquillo,Right-Back,31,1000000.0,21/01/2024
ES1,2024,Celta de Vigo,Damián Rodríguez,Defensive Midfield,22,3000000.0,18/07/2024
ES1,2024,Celta de Vigo,Jailson,Defensive Midfield,29,1000000.0,01/01/2024
ES1,2024,Celta de Vigo,Fran Beltrán,Central Midfield,26,8000000.0,01/08/2018
ES1,2024,Celta de Vigo,Ilaix Moriba,Central Midfield,22,6000000.0,01/07/2025
ES1,2024,Celta de Vigo,Hugo Sotelo,Central Midfield,21,4000000.0,01/07/2023
ES1,2024,Celta de Vigo,Luca de la Torre,Central Midfield,27,2000000.0,08/07/2022
ES1,2024,Celta de Vigo,Miguel Román,Central Midfield,22,400000.0,01/07/2025
ES1,2024,Celta de Vigo,Fer López,Attacking Midfield,21,5000000.0,26/01/2026
ES1,2024,Celta de Vigo,Hugo Álvarez,Left Winger,21,7500000.0,18/07/2024
ES1,2024,Celta de Vigo,Alfon González,Left Winger,26,5000000.0,01/07/2024
ES1,2024,Celta de Vigo,Williot Swedberg,Left Winger,21,5000000.0,01/07/2022
ES1,2024,Celta de Vigo,Jonathan Bamba,Left Winger,29,3500000.0,18/07/2023
ES1,2024,Celta de Vigo,Franco Cervi,Left Winger,31,800000.0,05/07/2021
ES1,2024,Celta de Vigo,Tadeo Allende,Right Winger,26,2000000.0,31/01/2024
ES1,2024,Celta de Vigo,Jones El-Abdellaoui,Right Winger,19,1500000.0,08/01/2025
ES1,2024,Celta de Vigo,Iker Losada,Second Striker,23,1500000.0,30/01/2025
ES1,2024,Celta de Vigo,Anastasios Douvikas,Centre-Forward,25,10000000.0,28/08/2023
ES1,2024,Celta de Vigo,Pablo Durán,Centre-Forward,24,3500000.0,18/07/2024
ES1,2024,Celta de Vigo,Borja Iglesias,Centre-Forward,32,3000000.0,12/08/2025
ES1,2024,Celta de Vigo,Iago Aspas,Centre-Forward,37,2000000.0,07/07/2015
ES1,2024,UD Las Palmas,Dinko Horkas,Goalkeeper,26,1200000.0,01/07/2024
ES1,2024,UD Las Palmas,Jasper Cillessen,Goalkeeper,36,800000.0,01/07/2024
ES1,2024,UD Las Palmas,Álvaro Killane,Goalkeeper,20,,
ES1,2024,UD Las Palmas,Victor Puig,Goalkeeper,19,,
ES1,2024,UD Las Palmas,Israel Mora,Goalkeeper,20,,
ES1,2024,UD Las Palmas,Mika Mármol,Centre-Back,23,10000000.0,11/08/2023
ES1,2024,UD Las Palmas,Scott McKenna,Centre-Back,28,4000000.0,08/08/2024
ES1,2024,UD Las Palmas,Juanma Herzog,Centre-Back,21,2500000.0,01/07/2024
ES1,2024,UD Las Palmas,Andy Pelmard,Centre-Back,25,2000000.0,20/01/2025
ES1,2024,UD Las Palmas,Álex Suárez,Centre-Back,32,1000000.0,01/07/2019
ES1,2024,UD Las Palmas,Valentino Raca,Centre-Back,20,,
ES1,2024,UD Las Palmas,Álex Muñoz,Left-Back,30,1000000.0,01/07/2024
ES1,2024,UD Las Palmas,Daley Sinkgraven,Left-Back,29,600000.0,11/07/2023
ES1,2024,UD Las Palmas,Diego Martín,Left-Back,21,,
ES1,2024,UD Las Palmas,Viti Rozada,Right-Back,27,2000000.0,01/07/2024
ES1,2024,UD Las Palmas,Marvin Park,Right-Back,24,1200000.0,01/07/2024
ES1,2024,UD Las Palmas,Valentín Pezzolesi,Right-Back,18,100000.0,01/07/2026
ES1,2024,UD Las Palmas,Dário Essugo,Defensive Midfield,20,20000000.0,30/08/2024
ES1,2024,UD Las Palmas,Stefan Bajcetic,Defensive Midfield,20,9000000.0,31/01/2025
ES1,2024,UD Las Palmas,Javi Muñoz,Central Midfield,30,2000000.0,01/07/2023
ES1,2024,UD Las Palmas,Enzo Loiodice,Central Midfield,24,1200000.0,18/08/2020
ES1,2024,UD Las Palmas,José Campaña,Central Midfield,32,900000.0,14/02/2024
ES1,2024,UD Las Palmas,Fabio González,Central Midfield,28,500000.0,01/07/2019
ES1,2024,UD Las Palmas,Aboubacar Bassinga,Central Midfield,19,100000.0,01/07/2025
ES1,2024,UD Las Palmas,Kirian Rodríguez,Attacking Midfield,29,1000000.0,01/07/2019
ES1,2024,UD Las Palmas,Iván Gil,Attacking Midfield,25,800000.0,01/07/2024
ES1,2024,UD Las Palmas,Sergio Viera,Attacking Midfield,20,,
ES1,2024,UD Las Palmas,Josito González,Attacking Midfield,19,,
ES1,2024,UD Las Palmas,Alberto Moleiro,Left Winger,21,25000000.0,01/07/2021
ES1,2024,UD Las Palmas,Benito Ramírez,Left Winger,29,700000.0,01/07/2018
ES1,2024,UD Las Palmas,Sergio Ruiz,Left Winger,19,,
ES1,2024,UD Las Palmas,Manu Fuster,Right Winger,27,1500000.0,01/07/2024
ES1,2024,UD Las Palmas,Adnan Januzaj,Right Winger,30,1200000.0,24/07/2024
ES1,2024,UD Las Palmas,Pejiño,Right Winger,28,800000.0,27/08/2020
ES1,2024,UD Las Palmas,Saliou Mandiang,Right Winger,22,,
ES1,2024,UD Las Palmas,Arturo Rodríguez,Right Winger,18,,
ES1,2024,UD Las Palmas,Fábio Silva,Centre-Forward,22,20000000.0,30/08/2024
ES1,2024,UD Las Palmas,Oli McBurnie,Centre-Forward,29,2500000.0,25/07/2024
ES1,2024,UD Las Palmas,Sandro Ramírez,Centre-Forward,29,2500000.0,01/07/2023
ES1,2024,UD Las Palmas,Marc Cardona,Centre-Forward,29,800000.0,07/07/2022
ES1,2024,UD Las Palmas,Jaime Mata,Centre-Forward,36,400000.0,01/07/2024
ES1,2024,UD Las Palmas,Elías Romero,Centre-Forward,21,,
ES1,2024,RCD Espanyol Barcelona,Joan García,Goalkeeper,24,25000000.0,01/07/2021
ES1,2024,RCD Espanyol Barcelona,Fernando Pacheco,Goalkeeper,33,800000.0,31/01/2023
ES1,2024,RCD Espanyol Barcelona,Ángel Fortuño,Goalkeeper,23,300000.0,01/07/2024
ES1,2024,RCD Espanyol Barcelona,Pol Tristán,Goalkeeper,23,100000.0,01/07/2025
ES1,2024,RCD Espanyol Barcelona,Llorenç Serred,Goalkeeper,19,25000.0,
ES1,2024,RCD Espanyol Barcelona,Marash Kumbulla,Centre-Back,25,7500000.0,17/08/2024
ES1,2024,RCD Espanyol Barcelona,Fernando Calero,Centre-Back,29,1500000.0,09/08/2019
ES1,2024,RCD Espanyol Barcelona,Leandro Cabrera,Centre-Back,34,1000000.0,20/01/2020
ES1,2024,RCD Espanyol Barcelona,Sergi Gómez,Centre-Back,33,600000.0,28/07/2021
ES1,2024,RCD Espanyol Barcelona,José Luis Català,Centre-Back,20,150000.0,
ES1,2024,RCD Espanyol Barcelona,Pablo Ramón,Centre-Back,24,100000.0,03/01/2025
ES1,2024,RCD Espanyol Barcelona,Carlos Romero,Left-Back,23,5000000.0,09/07/2024
ES1,2024,RCD Espanyol Barcelona,Brian Oliván,Left-Back,31,1800000.0,01/07/2022
ES1,2024,RCD Espanyol Barcelona,Roger Hinojo,Left-Back,20,50000.0,01/07/2025
ES1,2024,RCD Espanyol Barcelona,Omar El Hilali,Right-Back,21,15000000.0,01/01/2023
ES1,2024,RCD Espanyol Barcelona,Álvaro Tejero,Right-Back,28,1800000.0,09/07/2024
ES1,2024,RCD Espanyol Barcelona,José Ángel López,Right-Back,19,150000.0,
ES1,2024,RCD Espanyol Barcelona,Urko González de Zárate,Defensive Midfield,24,5000000.0,28/08/2025
ES1,2024,RCD Espanyol Barcelona,Alex Král,Central Midfield,27,6000000.0,07/08/2024
ES1,2024,RCD Espanyol Barcelona,Pol Lozano,Central Midfield,25,5000000.0,01/07/2020
ES1,2024,RCD Espanyol Barcelona,Edu Expósito,Central Midfield,28,3000000.0,08/08/2022
ES1,2024,RCD Espanyol Barcelona,José Gragera,Central Midfield,25,2000000.0,31/01/2023
ES1,2024,RCD Espanyol Barcelona,Álvaro Aguado,Central Midfield,29,1800000.0,11/09/2023
ES1,2024,RCD Espanyol Barcelona,Justin Smith,Central Midfield,22,300000.0,01/07/2025
ES1,2024,RCD Espanyol Barcelona,Rafel Bauzà,Central Midfield,20,200000.0,01/07/2025
ES1,2024,RCD Espanyol Barcelona,Javi Puado,Left Winger,27,10000000.0,01/07/2018
ES1,2024,RCD Espanyol Barcelona,Naci Ünüvar,Left Winger,22,2000000.0,29/08/2024
ES1,2024,RCD Espanyol Barcelona,Pere Milla,Left Winger,32,1200000.0,15/08/2023
ES1,2024,RCD Espanyol Barcelona,Alex Almansa,Left Winger,21,200000.0,
ES1,2024,RCD Espanyol Barcelona,Jofre Carreras,Right Winger,24,3000000.0,01/07/2022
ES1,2024,RCD Espanyol Barcelona,Irvin Cardona,Right Winger,27,2500000.0,10/08/2024
ES1,2024,RCD Espanyol Barcelona,Antoniu Roca,Right Winger,22,1800000.0,01/07/2024
ES1,2024,RCD Espanyol Barcelona,Salvi Sánchez,Right Winger,34,600000.0,19/08/2023
ES1,2024,RCD Espanyol Barcelona,Roberto Fernández,Centre-Forward,22,6000000.0,01/07/2025
ES1,2024,RCD Espanyol Barcelona,Alejo Veliz,Centre-Forward,21,2500000.0,07/08/2024
ES1,2024,RCD Espanyol Barcelona,Walid Cheddira,Centre-Forward,27,2500000.0,27/08/2024
ES1,2024,RCD Espanyol Barcelona,Omar Sadik,Centre-Forward,21,500000.0,01/07/2025
ES1,2024,CA Osasuna,Sergio Herrera,Goalkeeper,32,3000000.0,12/07/2017
ES1,2024,CA Osasuna,Aitor Fernández,Goalkeeper,34,700000.0,02/07/2022
ES1,2024,CA Osasuna,Pablo Valencia,Goalkeeper,24,200000.0,
ES1,2024,CA Osasuna,Dimitrios Stamatakis,Goalkeeper,22,200000.0,
ES1,2024,CA Osasuna,Rafa Fernández,Goalkeeper,21,25000.0,
ES1,2024,CA Osasuna,Enzo Boyomo,Centre-Back,23,20000000.0,29/08/2024
ES1,2024,CA Osasuna,Jorge Herrando,Centre-Back,24,4000000.0,01/07/2023
ES1,2024,CA Osasuna,Alejandro Catena,Centre-Back,30,3000000.0,01/07/2023
ES1,2024,CA Osasuna,Unai García,Centre-Back,33,800000.0,01/07/2015
ES1,2024,CA Osasuna,Ismael Sierra,Centre-Back,22,200000.0,
ES1,2024,CA Osasuna,Abel Bretones,Left-Back,24,4000000.0,05/07/2024
ES1,2024,CA Osasuna,Juan Cruz,Left-Back,32,1500000.0,30/08/2020
ES1,2024,CA Osasuna,Jesús Areso,Right-Back,25,12000000.0,01/07/2021
ES1,2024,CA Osasuna,Nacho Vidal,Right-Back,30,1800000.0,13/07/2018
ES1,2024,CA Osasuna,Rubén Peña,Right-Back,33,1200000.0,01/07/2022
ES1,2024,CA Osasuna,Iñigo Arguibide,Right-Back,20,200000.0,01/01/2026
ES1,2024,CA Osasuna,Lucas Torró,Defensive Midfield,30,3000000.0,04/08/2020
ES1,2024,CA Osasuna,Iker Muñoz,Defensive Midfield,22,3000000.0,01/07/2023
ES1,2024,CA Osasuna,Jon Moncayola,Central Midfield,27,7000000.0,01/07/2019
ES1,2024,CA Osasuna,Pablo Ibáñez,Central Midfield,26,2000000.0,01/07/2022
ES1,2024,CA Osasuna,Asier Osambela,Central Midfield,20,500000.0,01/07/2025
ES1,2024,CA Osasuna,Jon García,Central Midfield,22,300000.0,
ES1,2024,CA Osasuna,Aimar Oroz,Attacking Midfield,23,15000000.0,01/07/2022
ES1,2024,CA Osasuna,Moi Gómez,Attacking Midfield,31,2000000.0,28/07/2022
ES1,2024,CA Osasuna,Javi Martínez,Attacking Midfield,25,800000.0,01/07/2021
ES1,2024,CA Osasuna,Bryan Zaragoza,Left Winger,23,12000000.0,09/08/2024
ES1,2024,CA Osasuna,José Manuel Arnáiz,Left Winger,30,1500000.0,01/07/2023
ES1,2024,CA Osasuna,Rubén García,Right Winger,31,2000000.0,01/07/2019
ES1,2024,CA Osasuna,Iker Benito,Right Winger,22,1500000.0,01/07/2023
ES1,2024,CA Osasuna,Kike Barja,Right Winger,28,1500000.0,01/01/2018
ES1,2024,CA Osasuna,Ante Budimir,Centre-Forward,33,5000000.0,01/07/2021
ES1,2024,CA Osasuna,Raúl García,Centre-Forward,24,3000000.0,10/08/2023
ES1,2024,CA Osasuna,Sixtus Ogbuehi,Centre-Forward,22,200000.0,
ES1,2024,CA Osasuna,Carlos Lumbreras,Centre-Forward,20,150000.0,
ES1,2024,Deportivo Alavés,Antonio Sivera,Goalkeeper,28,6000000.0,19/07/2017
ES1,2024,Deportivo Alavés,Jesús Owono,Goalkeeper,24,900000.0,01/07/2022
ES1,2024,Deportivo Alavés,Adrián Rodríguez,Goalkeeper,24,200000.0,01/07/2024
ES1,2024,Deportivo Alavés,Grégoire Swiderski,Goalkeeper,19,150000.0,
ES1,2024,Deportivo Alavés,Abdel Abqar,Centre-Back,26,7500000.0,01/07/2022
ES1,2024,Deportivo Alavés,Facundo Garcés,Centre-Back,25,2000000.0,01/01/2025
ES1,2024,Deportivo Alavés,Moussa Diarra,Centre-Back,24,1800000.0,18/07/2024
ES1,2024,Deportivo Alavés,Adrián Pica,Centre-Back,23,1200000.0,01/09/2024
ES1,2024,Deportivo Alavés,Aleksandar Sedlar,Centre-Back,33,300000.0,05/07/2022
ES1,2024,Deportivo Alavés,Manu Sánchez,Left-Back,24,6000000.0,23/07/2024
ES1,2024,Deportivo Alavés,Eneko Ortiz,Left-Back,22,150000.0,
ES1,2024,Deportivo Alavés,Santiago Mouriño,Right-Back,23,3000000.0,27/08/2024
ES1,2024,Deportivo Alavés,Nahuel Tenaglia,Right-Back,29,3000000.0,20/08/2023
ES1,2024,Deportivo Alavés,Hugo Novoa,Right-Back,22,1500000.0,22/07/2024
ES1,2024,Deportivo Alavés,Egoitz Muñoz,Right-Back,21,200000.0,01/07/2026
ES1,2024,Deportivo Alavés,Alejandro Jay,Right-Back,22,150000.0,
ES1,2024,Deportivo Alavés,Antonio Blanco,Defensive Midfield,24,10000000.0,25/07/2023
ES1,2024,Deportivo Alavés,Carlos Protesoni,Defensive Midfield,27,1200000.0,01/07/2022
ES1,2024,Deportivo Alavés,Ander Guevara,Central Midfield,27,3500000.0,09/07/2023
ES1,2024,Deportivo Alavés,Jon Guridi,Central Midfield,30,3000000.0,11/07/2022
ES1,2024,Deportivo Alavés,Carles Aleñá,Central Midfield,27,2500000.0,24/07/2025
ES1,2024,Deportivo Alavés,Joan Jordán,Central Midfield,30,2500000.0,29/08/2024
ES1,2024,Deportivo Alavés,Daouda Doumbia,Central Midfield,23,200000.0,01/07/2025
ES1,2024,Deportivo Alavés,Lander Pinillos,Attacking Midfield,21,150000.0,
ES1,2024,Deportivo Alavés,Carlos Martín,Left Winger,23,2800000.0,17/08/2024
ES1,2024,Deportivo Alavés,Tomás Conechny,Left Winger,27,1800000.0,05/07/2024
ES1,2024,Deportivo Alavés,Abde Rebbach,Left Winger,26,700000.0,01/07/2022
ES1,2024,Deportivo Alavés,Carlos Vicente,Right Winger,26,10000000.0,01/01/2024
ES1,2024,Deportivo Alavés,Luka Romero,Right Winger,20,4000000.0,23/07/2024
ES1,2024,Deportivo Alavés,Luis Rioja,Right Winger,31,2000000.0,01/07/2019
ES1,2024,Deportivo Alavés,Julen Lartitegi,Right Winger,21,50000.0,
ES1,2024,Deportivo Alavés,Stoichkov,Second Striker,31,1500000.0,17/07/2024
ES1,2024,Deportivo Alavés,Joaquín Panichelli,Centre-Forward,22,7000000.0,01/07/2024
ES1,2024,Deportivo Alavés,Toni Martínez,Centre-Forward,28,2500000.0,27/08/2024
ES1,2024,Deportivo Alavés,Asier Villalibre,Centre-Forward,27,1200000.0,15/07/2024
ES1,2024,Deportivo Alavés,Kike García,Centre-Forward,35,900000.0,13/08/2023
ES1,2024,Deportivo Alavés,Pau Cabanes,Centre-Forward,20,800000.0,31/01/2025
ES1,2024,Getafe CF,David Soria,Goalkeeper,32,3000000.0,13/07/2018
ES1,2024,Getafe CF,Jiri Letacek,Goalkeeper,26,2000000.0,13/07/2024
ES1,2024,Getafe CF,Jorge Benito,Goalkeeper,19,25000.0,
ES1,2024,Getafe CF,Djordjije Medenica,Goalkeeper,18,,
ES1,2024,Getafe CF,Diego Ferrer,Goalkeeper,18,,
ES1,2024,Getafe CF,Omar Alderete,Centre-Back,28,8000000.0,01/07/2023
ES1,2024,Getafe CF,Dakonam Djené,Centre-Back,33,1800000.0,24/07/2017
ES1,2024,Getafe CF,Juan Berrocal,Centre-Back,26,1500000.0,19/08/2024
ES1,2024,Getafe CF,Domingos Duarte,Centre-Back,30,800000.0,11/07/2022
ES1,2024,Getafe CF,Nabil Aberdin,Centre-Back,22,700000.0,01/07/2024
ES1,2024,Getafe CF,Luca Lohr,Centre-Back,22,150000.0,
ES1,2024,Getafe CF,Guillem Trilla,Centre-Back,22,25000.0,
ES1,2024,Getafe CF,Juan Bernat,Left-Back,32,2000000.0,03/02/2025
ES1,2024,Getafe CF,Diego Rico,Left-Back,32,1200000.0,16/07/2024
ES1,2024,Getafe CF,David Argüelles,Left-Back,23,100000.0,
ES1,2024,Getafe CF,Gorka Rivera,Left-Back,20,100000.0,
ES1,2024,Getafe CF,Juan Iglesias,Right-Back,26,3500000.0,01/07/2021
ES1,2024,Getafe CF,Allan Nyom,Right-Back,37,300000.0,20/09/2025
ES1,2024,Getafe CF,Ismael Bekhoucha,Right-Back,20,300000.0,01/07/2025
ES1,2024,Getafe CF,Mauro Arambarri,Central Midfield,29,12000000.0,01/07/2018
ES1,2024,Getafe CF,Ramón Terrats,Central Midfield,24,4000000.0,08/07/2026
ES1,2024,Getafe CF,Luis Milla,Central Midfield,30,3500000.0,25/07/2022
ES1,2024,Getafe CF,Carles Aleñá,Central Midfield,27,2500000.0,10/07/2021
ES1,2024,Getafe CF,John Patrick,Central Midfield,21,1200000.0,
ES1,2024,Getafe CF,Yellu Santiago,Central Midfield,21,900000.0,10/01/2024
ES1,2024,Getafe CF,Alberto Risco,Attacking Midfield,19,200000.0,
ES1,2024,Getafe CF,Coba da Costa,Left Winger,22,3000000.0,01/12/2024
ES1,2024,Getafe CF,Juanmi,Left Winger,32,2000000.0,01/07/2025
ES1,2024,Getafe CF,Abdoulaye Keita,Left Winger,22,200000.0,
ES1,2024,Getafe CF,Álex Sola,Right Winger,26,2500000.0,15/07/2024
ES1,2024,Getafe CF,Carles Pérez,Right Winger,27,2000000.0,30/07/2024
ES1,2024,Getafe CF,Peter Federico,Right Winger,22,1200000.0,04/07/2024
ES1,2024,Getafe CF,Christantus Uche,Centre-Forward,22,15000000.0,01/07/2024
ES1,2024,Getafe CF,Borja Mayoral,Centre-Forward,28,7500000.0,01/08/2022
ES1,2024,Getafe CF,Álvaro Rodríguez,Centre-Forward,20,2500000.0,29/08/2024
ES1,2024,Getafe CF,Bertuğ Yıldırım,Centre-Forward,22,2000000.0,23/08/2024
ES1,2024,Getafe CF,Martín Cuéllar,Centre-Forward,18,,
ES1,2024,RCD Mallorca,Dominik Greif,Goalkeeper,28,6000000.0,06/07/2021
ES1,2024,RCD Mallorca,Leo Román,Goalkeeper,24,5000000.0,01/07/2022
ES1,2024,RCD Mallorca,Iván Cuéllar,Goalkeeper,41,100000.0,28/08/2023
ES1,2024,RCD Mallorca,Pere García,Goalkeeper,23,50000.0,
ES1,2024,RCD Mallorca,Martin Valjent,Centre-Back,29,6000000.0,01/07/2019
ES1,2024,RCD Mallorca,José Copete,Centre-Back,25,3000000.0,01/07/2022
ES1,2024,RCD Mallorca,Siebe Van der Heyden,Centre-Back,27,2500000.0,18/07/2023
ES1,2024,RCD Mallorca,Antonio Raíllo,Centre-Back,33,1800000.0,01/07/2016
ES1,2024,RCD Mallorca,David López,Centre-Back,22,500000.0,31/01/2024
ES1,2024,RCD Mallorca,Sebastian Wade,Centre-Back,22,25000.0,
ES1,2024,RCD Mallorca,Johan Mojica,Left-Back,32,2000000.0,23/07/2024
ES1,2024,RCD Mallorca,Toni Lato,Left-Back,27,1800000.0,01/07/2023
ES1,2024,RCD Mallorca,Pablo Maffeo,Right-Back,27,5000000.0,01/07/2022
ES1,2024,RCD Mallorca,Mateu Morey,Right-Back,25,800000.0,05/07/2024
ES1,2024,RCD Mallorca,Samú Costa,Defensive Midfield,24,15000000.0,10/08/2023
ES1,2024,RCD Mallorca,Omar Mascarell,Defensive Midfield,32,900000.0,01/07/2023
ES1,2024,RCD Mallorca,Sergi Darder,Central Midfield,31,4000000.0,11/08/2023
ES1,2024,RCD Mallorca,Manu Morlanes,Central Midfield,26,2500000.0,01/07/2023
ES1,2024,RCD Mallorca,Antonio Sánchez,Central Midfield,28,2500000.0,01/07/2018
ES1,2024,RCD Mallorca,Jan Salas,Central Midfield,19,100000.0,01/07/2025
ES1,2024,RCD Mallorca,Dani Rodríguez,Attacking Midfield,37,800000.0,01/07/2018
ES1,2024,RCD Mallorca,Chiquinho,Left Winger,25,2000000.0,30/08/2024
ES1,2024,RCD Mallorca,Javi Llabrés,Left Winger,22,800000.0,01/07/2022
ES1,2024,RCD Mallorca,Robert Navarro,Right Winger,23,6000000.0,29/08/2024
ES1,2024,RCD Mallorca,Takuma Asano,Right Winger,30,2500000.0,06/07/2024
ES1,2024,RCD Mallorca,Valery Fernández,Right Winger,25,2000000.0,30/08/2024
ES1,2024,RCD Mallorca,Daniel Luna,Right Winger,22,500000.0,01/07/2024
ES1,2024,RCD Mallorca,Vedat Muriqi,Centre-Forward,31,5000000.0,22/07/2022
ES1,2024,RCD Mallorca,Cyle Larin,Centre-Forward,30,3500000.0,03/08/2023
ES1,2024,RCD Mallorca,Abdón Prats,Centre-Forward,32,1200000.0,04/07/2017
ES1,2024,RCD Mallorca,Marc Domènech,Centre-Forward,18,1000000.0,01/07/2025
ES1,2024,Real Valladolid CF,Karl Hein,Goalkeeper,23,3000000.0,13/08/2024
ES1,2024,Real Valladolid CF,André Ferreira,Goalkeeper,29,700000.0,01/07/2024
ES1,2024,Real Valladolid CF,Álvaro Aceves,Goalkeeper,21,400000.0,16/01/2025
ES1,2024,Real Valladolid CF,Arnau Rafús,Goalkeeper,22,200000.0,
ES1,2024,Real Valladolid CF,Enzo Boyomo,Centre-Back,23,20000000.0,07/07/2023
ES1,2024,Real Valladolid CF,Juma Bah,Centre-Back,19,6000000.0,01/01/2025
ES1,2024,Real Valladolid CF,Eray Cömert,Centre-Back,27,2000000.0,10/07/2024
ES1,2024,Real Valladolid CF,David Torres,Centre-Back,22,1500000.0,01/07/2023
ES1,2024,Real Valladolid CF,Javi Sánchez,Centre-Back,28,1500000.0,01/07/2020
ES1,2024,Real Valladolid CF,Cenk Özkacar,Centre-Back,24,1200000.0,29/08/2024
ES1,2024,Real Valladolid CF,Joseph Aidoo,Centre-Back,29,1200000.0,30/01/2025
ES1,2024,Real Valladolid CF,Iago Parente,Centre-Back,19,150000.0,
ES1,2024,Real Valladolid CF,Adam Aznou,Left-Back,19,4000000.0,03/02/2025
ES1,2024,Real Valladolid CF,Henrique Silva,Left-Back,31,500000.0,11/03/2025
ES1,2024,Real Valladolid CF,Raúl Chasco,Left-Back,21,150000.0,
ES1,2024,Real Valladolid CF,Lucas Rosa,Right-Back,25,3000000.0,01/10/2022
ES1,2024,Real Valladolid CF,Antonio Candela,Right-Back,25,1800000.0,03/02/2025
ES1,2024,Real Valladolid CF,Luis Pérez,Right-Back,30,1400000.0,04/08/2020
ES1,2024,Real Valladolid CF,Koke Iglesias,Right-Back,20,200000.0,
ES1,2024,Real Valladolid CF,Florian Grillitsch,Defensive Midfield,29,2000000.0,03/02/2025
ES1,2024,Real Valladolid CF,Mario Martín,Defensive Midfield,21,1500000.0,23/08/2024
ES1,2024,Real Valladolid CF,Stanko Juric,Defensive Midfield,28,1200000.0,01/07/2024
ES1,2024,Real Valladolid CF,Tamás Nikitscher,Defensive Midfield,25,1000000.0,29/01/2025
ES1,2024,Real Valladolid CF,César de la Hoz,Defensive Midfield,33,350000.0,21/07/2023
ES1,2024,Real Valladolid CF,Kike Pérez,Central Midfield,28,2800000.0,12/08/2020
ES1,2024,Real Valladolid CF,Víctor Meseguer,Central Midfield,26,1500000.0,01/07/2024
ES1,2024,Real Valladolid CF,Ibrahim Alani,Central Midfield,18,500000.0,01/07/2025
ES1,2024,Real Valladolid CF,Mario Maroto,Central Midfield,21,200000.0,01/07/2025
ES1,2024,Real Valladolid CF,Adrián Verde,Central Midfield,22,150000.0,
ES1,2024,Real Valladolid CF,Selim Amallah,Attacking Midfield,28,1600000.0,31/01/2023
ES1,2024,Real Valladolid CF,Chuki,Attacking Midfield,21,1500000.0,01/07/2024
ES1,2024,Real Valladolid CF,Raúl Moro,Left Winger,22,7500000.0,01/07/2024
ES1,2024,Real Valladolid CF,Stipe Biuk,Left Winger,22,2500000.0,08/07/2024
ES1,2024,Real Valladolid CF,Darwin Machís,Left Winger,32,600000.0,19/01/2023
ES1,2024,Real Valladolid CF,Kenedy,Left Winger,29,300000.0,01/09/2022
ES1,2024,Real Valladolid CF,Amath Ndiaye,Right Winger,28,900000.0,01/07/2024
ES1,2024,Real Valladolid CF,Anuar,Right Winger,30,900000.0,01/07/2017
ES1,2024,Real Valladolid CF,Iván Sánchez,Right Winger,32,600000.0,01/07/2022
ES1,2024,Real Valladolid CF,Xavi Moreno,Right Winger,20,250000.0,01/07/2025
ES1,2024,Real Valladolid CF,Juanmi Latasa,Centre-Forward,24,2000000.0,14/08/2024
ES1,2024,Real Valladolid CF,Mamadou Sylla,Centre-Forward,31,1200000.0,01/09/2023
ES1,2024,Real Valladolid CF,Marcos André,Centre-Forward,28,1000000.0,29/08/2023
ES1,2024,Real Valladolid CF,Adrián Arnu,Centre-Forward,18,500000.0,01/07/2025
ES1,2024,Rayo Vallecano,Augusto Batalla,Goalkeeper,29,6000000.0,01/07/2025
ES1,2024,Rayo Vallecano,Dani Cárdenas,Goalkeeper,28,1800000.0,18/08/2023
ES1,2024,Rayo Vallecano,Miguel Ángel Morro,Goalkeeper,24,300000.0,01/08/2020
ES1,2024,Rayo Vallecano,Juanpe Gil,Goalkeeper,24,,
ES1,2024,Rayo Vallecano,Miguel Benedi,Goalkeeper,22,,
ES1,2024,Rayo Vallecano,Adrián Molina,Goalkeeper,19,,
ES1,2024,Rayo Vallecano,Abdul Mumin,Centre-Back,27,5000000.0,01/09/2022
ES1,2024,Rayo Vallecano,Florian Lejeune,Centre-Back,34,2500000.0,28/07/2023
ES1,2024,Rayo Vallecano,Pelayo Fernández,Centre-Back,22,500000.0,02/07/2024
ES1,2024,Rayo Vallecano,Aridane Hernández,Centre-Back,36,300000.0,05/07/2023
ES1,2024,Rayo Vallecano,Sergio Lozano,Centre-Back,19,,
ES1,2024,Rayo Vallecano,Pep Chavarría,Left-Back,27,5000000.0,31/08/2022
ES1,2024,Rayo Vallecano,Alfonso Espino,Left-Back,33,1200000.0,17/07/2023
ES1,2024,Rayo Vallecano,Andrei Rațiu,Right-Back,27,12000000.0,26/08/2023
ES1,2024,Rayo Vallecano,Iván Balliu,Right-Back,33,1400000.0,14/07/2021
ES1,2024,Rayo Vallecano,Marco de las Sías,Right-Back,19,,
ES1,2024,Rayo Vallecano,Gerard Gumbau,Defensive Midfield,30,1500000.0,16/07/2025
ES1,2024,Rayo Vallecano,Pedro Díaz,Central Midfield,27,3000000.0,05/08/2024
ES1,2024,Rayo Vallecano,Unai López,Central Midfield,29,2500000.0,01/07/2022
ES1,2024,Rayo Vallecano,Óscar Valentín,Central Midfield,30,2500000.0,01/07/2019
ES1,2024,Rayo Vallecano,Pathé Ciss,Central Midfield,31,2000000.0,28/07/2021
ES1,2024,Rayo Vallecano,Diego Méndez,Central Midfield,21,100000.0,
ES1,2024,Rayo Vallecano,James Rodríguez,Attacking Midfield,33,2500000.0,26/08/2024
ES1,2024,Rayo Vallecano,Randy Nteka,Attacking Midfield,27,1500000.0,28/07/2021
ES1,2024,Rayo Vallecano,Joni Montiel,Attacking Midfield,26,800000.0,01/07/2017
ES1,2024,Rayo Vallecano,Óscar Trejo,Attacking Midfield,37,500000.0,01/07/2017
ES1,2024,Rayo Vallecano,Álvaro García,Left Winger,32,2000000.0,23/08/2018
ES1,2024,Rayo Vallecano,Jorge de Frutos,Right Winger,28,4000000.0,17/08/2023
ES1,2024,Rayo Vallecano,Adrián Embarba,Right Winger,33,1200000.0,26/07/2024
ES1,2024,Rayo Vallecano,Isi Palazón,Second Striker,30,3500000.0,23/01/2020
ES1,2024,Rayo Vallecano,Sergio Camello,Centre-Forward,24,3000000.0,17/08/2023
ES1,2024,Rayo Vallecano,Raúl de Tomás,Centre-Forward,30,700000.0,13/09/2022
ES1,2024,Rayo Vallecano,Sergi Guardiola,Centre-Forward,34,500000.0,04/09/2024
ES1,2024,Rayo Vallecano,Etienne Eto'o,Centre-Forward,22,200000.0,01/07/2025
ES1,2024,CD Leganés,Juan Soriano,Goalkeeper,27,1000000.0,02/07/2024
ES1,2024,CD Leganés,Marko Dmitrovic,Goalkeeper,33,800000.0,12/08/2024
ES1,2024,CD Leganés,Alvin Abajas,Goalkeeper,22,100000.0,
ES1,2024,CD Leganés,Guillermo Ruiz,Goalkeeper,21,,
ES1,2024,CD Leganés,Jackson Porozo,Centre-Back,24,2000000.0,23/08/2024
ES1,2024,CD Leganés,Jorge Sáenz,Centre-Back,28,1500000.0,17/07/2023
ES1,2024,CD Leganés,Sergio González,Centre-Back,33,800000.0,10/08/2020
ES1,2024,CD Leganés,Matija Nastasić,Centre-Back,32,800000.0,30/08/2024
ES1,2024,CD Leganés,Aritz Arambarri,Centre-Back,27,600000.0,01/07/2023
ES1,2024,CD Leganés,Lalo Aguilar,Centre-Back,23,300000.0,01/07/2023
ES1,2024,CD Leganés,Javi Hernández,Left-Back,27,2500000.0,28/09/2020
ES1,2024,CD Leganés,Enric Franquesa,Left-Back,28,1500000.0,01/07/2024
ES1,2024,CD Leganés,Borna Barisic,Left-Back,32,800000.0,03/02/2025
ES1,2024,CD Leganés,Iker Bachiller,Left-Back,22,25000.0,
ES1,2024,CD Leganés,Valentin Rosier,Right-Back,28,3000000.0,05/07/2024
ES1,2024,CD Leganés,Adrià Altimira,Right-Back,24,1500000.0,21/08/2024
ES1,2024,CD Leganés,Joao Urbáez,Right-Back,22,50000.0,
ES1,2024,CD Leganés,Yvan Neyou,Defensive Midfield,28,3000000.0,01/08/2023
ES1,2024,CD Leganés,Renato Tapia,Defensive Midfield,29,2000000.0,15/08/2024
ES1,2024,CD Leganés,Julián Chicco,Defensive Midfield,27,500000.0,11/07/2023
ES1,2024,CD Leganés,Carlos Guirao,Defensive Midfield,22,300000.0,01/07/2025
ES1,2024,CD Leganés,Seydouba Cissé,Central Midfield,24,3000000.0,01/07/2022
ES1,2024,CD Leganés,Darko Brasanac,Central Midfield,33,500000.0,01/02/2024
ES1,2024,CD Leganés,Álex Gil,Central Midfield,22,100000.0,
ES1,2024,CD Leganés,Fer Rodríguez,Central Midfield,22,,
ES1,2024,CD Leganés,Hugo Solozábal,Central Midfield,22,,
ES1,2024,CD Leganés,Óscar Rodríguez,Attacking Midfield,27,2000000.0,12/08/2024
ES1,2024,CD Leganés,Roberto López,Attacking Midfield,25,1000000.0,10/07/2024
ES1,2024,CD Leganés,Juan Cruz,Left Winger,25,5000000.0,01/07/2024
ES1,2024,CD Leganés,Duk,Left Winger,25,1000000.0,03/02/2025
ES1,2024,CD Leganés,Munir El Haddadi,Right Winger,29,1500000.0,22/08/2024
ES1,2024,CD Leganés,Yan Diomande,Right Winger,18,1500000.0,01/01/2025
ES1,2024,CD Leganés,Naim García,Right Winger,23,300000.0,01/07/2021
ES1,2024,CD Leganés,Piri,Right Winger,21,,
ES1,2024,CD Leganés,Adrián Rosell,Right Winger,20,,
ES1,2024,CD Leganés,Dani Raba,Second Striker,29,2500000.0,01/07/2022
ES1,2024,CD Leganés,Sébastien Haller,Centre-Forward,31,3000000.0,30/08/2024
ES1,2024,CD Leganés,Miguel de la Fuente,Centre-Forward,25,2000000.0,01/07/2024
ES1,2024,CD Leganés,Diego García,Centre-Forward,25,1500000.0,01/07/2022
ES1,2024,CD Leganés,Suleiman El Haddadi,Centre-Forward,19,,
