league,season,team,player,nation,pos,age,born,Playing Time_MP,Playing Time_Starts,Playing Time_Min,Playing Time_90s,Performance_GA,Performance_GA90,Performance_SoTA,Performance_Saves,Performance_Save%,Performance_W,Performance_D,Performance_L,Performance_CS,Performance_CS%,Penalty Kicks_PKatt,Penalty Kicks_PKA,Penalty Kicks_PKsv,Penalty Kicks_PKm,Penalty Kicks_Save%
ENG-Premier League,2324,Arsenal,Aaron Ramsdale,ENG,GK,25,1998,6,6,540,6.0,5,0.83,14,9,64.3,5,1,0,2,33.3,0,0,0,0,
ENG-Premier League,2324,Arsenal,David Raya,ESP,GK,27,1995,32,32,2880,32.0,24,0.75,69,45,65.2,23,4,5,14,43.8,3,2,1,0,33.3
ENG-Premier League,2324,Aston Villa,Emiliano Martínez,ARG,GK,30,1992,34,34,3015,33.5,48,1.43,143,95,66.4,19,8,7,7,20.6,1,1,0,0,0.0
ENG-Premier League,2324,Aston Villa,Robin Olsen,SWE,GK,33,1990,5,4,405,4.5,13,2.89,33,20,60.6,1,0,3,0,0.0,1,0,1,0,100.0
ENG-Premier League,2324,Bournemouth,Ionuț Radu,ROU,GK,26,1997,2,2,180,2.0,7,3.5,12,5,41.7,1,0,1,0,0.0,0,0,0,0,
ENG-Premier League,2324,Bournemouth,Mark Travers,IRL,GK,24,1999,4,4,360,4.0,5,1.25,18,13,72.2,2,0,2,1,25.0,1,1,0,0,0.0
ENG-Premier League,2324,Bournemouth,Neto,BRA,GK,34,1989,32,32,2880,32.0,55,1.72,167,112,67.1,10,9,13,7,21.9,6,5,1,0,16.7
ENG-Premier League,2324,Brentford,Mark Flekken,NED,GK,30,1993,37,37,3285,36.5,63,1.73,178,115,64.6,10,9,18,7,18.9,2,2,0,0,0.0
ENG-Premier League,2324,Brentford,Thomas Strakosha,ALB,GK,28,1995,2,1,135,1.5,2,1.33,8,6,75.0,0,0,1,0,0.0,0,0,0,0,
ENG-Premier League,2324,Brighton,Bart Verbruggen,NED,GK,20,2002,21,21,1890,21.0,28,1.33,93,65,69.9,7,8,6,4,19.0,3,3,0,0,0.0
ENG-Premier League,2324,Brighton,Jason Steele,ENG,GK,32,1990,17,17,1530,17.0,34,2.0,77,43,55.8,5,4,8,2,11.8,3,3,0,0,0.0
ENG-Premier League,2324,Burnley,Arijanet Muric,KVX,GK,24,1998,10,10,900,10.0,16,1.6,79,63,79.7,2,4,4,0,0.0,2,1,1,0,50.0
ENG-Premier League,2324,Burnley,James Trafford,ENG,GK,20,2002,28,28,2520,28.0,62,2.21,168,106,63.1,3,5,20,2,7.1,5,5,0,0,0.0
ENG-Premier League,2324,Chelsea,Robert Sánchez,ESP,GK,25,1997,16,16,1433,15.9,25,1.57,77,52,67.5,5,4,7,3,18.8,3,2,1,0,33.3
ENG-Premier League,2324,Chelsea,Đorđe Petrović,SRB,GK,23,1999,23,22,1987,22.1,38,1.72,112,74,66.1,13,5,4,4,18.2,2,1,0,1,0.0
ENG-Premier League,2324,Crystal Palace,Dean Henderson,ENG,GK,26,1997,18,18,1620,18.0,30,1.67,87,57,65.5,8,4,6,2,11.1,1,1,0,0,0.0
ENG-Premier League,2324,Crystal Palace,Remi Matthews,ENG,GK,29,1994,1,0,4,0.0,1,22.5,1,0,0.0,0,0,0,0,,0,0,0,0,
ENG-Premier League,2324,Crystal Palace,Sam Johnstone,ENG,GK,30,1993,20,20,1796,20.0,27,1.35,68,41,60.3,5,6,9,6,30.0,2,2,0,0,0.0
ENG-Premier League,2324,Everton,Jordan Pickford,ENG,GK,29,1994,38,38,3420,38.0,51,1.34,172,121,70.3,13,9,16,10,26.3,8,8,0,0,0.0
ENG-Premier League,2324,Fulham,Bernd Leno,GER,GK,31,1992,38,38,3420,38.0,61,1.61,195,134,68.7,13,8,17,10,26.3,8,8,0,0,0.0
ENG-Premier League,2324,Liverpool,Alisson,BRA,GK,30,1992,28,28,2520,28.0,30,1.07,112,82,73.2,16,8,4,7,25.0,1,1,0,0,0.0
ENG-Premier League,2324,Liverpool,Caoimhín Kelleher,IRL,GK,24,1998,10,10,900,10.0,11,1.1,39,28,71.8,8,2,0,2,20.0,0,0,0,0,
ENG-Premier League,2324,Luton Town,James Shea,ENG,GK,32,1991,1,0,15,0.2,0,0.0,2,2,100.0,0,0,0,0,,0,0,0,0,
ENG-Premier League,2324,Luton Town,Thomas Kaminski,BEL,GK,30,1992,38,38,3405,37.8,85,2.25,229,144,62.9,6,8,24,2,5.3,4,4,0,0,0.0
ENG-Premier League,2324,Manchester City,Ederson Moraes,BRA,GK,29,1993,33,33,2785,30.9,27,0.87,84,57,67.9,24,6,3,11,33.3,3,3,0,0,0.0
ENG-Premier League,2324,Manchester City,Stefan Ortega,GER,GK,30,1992,9,5,635,7.1,7,0.99,27,20,74.1,4,1,0,3,60.0,0,0,0,0,
ENG-Premier League,2324,Manchester Utd,André Onana,CMR,GK,27,1996,38,38,3420,38.0,58,1.53,200,148,71.0,18,6,14,9,23.7,7,7,0,0,0.0
ENG-Premier League,2324,Newcastle,Loris Karius,GER,GK,30,1993,1,1,90,1.0,4,4.0,8,4,50.0,0,0,1,0,0.0,0,0,0,0,
ENG-Premier League,2324,Newcastle,Martin Dúbravka,SVK,GK,34,1989,23,22,1985,22.1,42,1.9,129,87,67.4,9,4,9,5,22.7,5,4,1,0,20.0
ENG-Premier League,2324,Newcastle,Nick Pope,ENG,GK,31,1992,15,15,1345,14.9,16,1.07,59,43,72.9,9,2,4,6,40.0,0,0,0,0,
ENG-Premier League,2324,Nottingham,Matt Turner,USA,GK,29,1994,17,17,1530,17.0,28,1.65,83,55,66.3,4,5,8,2,11.8,2,2,0,0,0.0
ENG-Premier League,2324,Nottingham,Matz Sels,BEL,GK,31,1992,16,16,1440,16.0,27,1.69,64,37,57.8,4,4,8,1,6.3,1,1,0,0,0.0
ENG-Premier League,2324,Nottingham,Odysseas Vlachodimos,GRE,GK,29,1994,5,5,450,5.0,12,2.4,22,10,45.5,1,0,4,1,20.0,1,1,0,0,0.0
ENG-Premier League,2324,Sheffield United,Ivo Grbić,CRO,GK,27,1996,9,9,771,8.6,25,2.92,62,37,59.7,0,3,6,0,0.0,1,0,0,1,
ENG-Premier League,2324,Sheffield United,Wes Foderingham,ENG,GK,32,1991,30,29,2649,29.4,79,2.68,212,133,62.7,3,4,22,1,3.4,6,5,0,1,0.0
ENG-Premier League,2324,Tottenham,Guglielmo Vicario,ITA,GK,26,1996,38,38,3420,38.0,61,1.61,171,110,64.3,20,6,12,6,15.8,7,7,0,0,0.0
ENG-Premier League,2324,West Ham,Alphonse Areola,FRA,GK,30,1993,31,31,2699,30.0,53,1.77,189,136,72.0,11,9,11,4,12.9,7,5,2,0,28.6
ENG-Premier League,2324,West Ham,Łukasz Fabiański,POL,GK,38,1985,10,7,721,8.0,21,2.62,54,33,61.1,3,1,3,1,14.3,3,3,0,0,0.0
ENG-Premier League,2324,Wolves,Daniel Bentley,ENG,GK,30,1993,5,3,383,4.3,7,1.64,15,8,53.3,1,0,2,1,33.3,0,0,0,0,
ENG-Premier League,2324,Wolves,José Sá,POR,GK,30,1993,35,35,3037,33.7,58,1.72,192,134,69.8,12,7,16,4,11.4,8,8,0,0,0.0
ESP-La Liga,2324,Alavés,Antonio Sivera,ESP,GK,26,1996,34,34,3060,34.0,38,1.12,125,87,69.6,11,8,15,9,26.5,8,8,0,0,0.0
ESP-La Liga,2324,Alavés,Jesús Owono,EQG,GK,22,2001,4,4,360,4.0,8,2.0,24,16,66.7,1,2,1,1,25.0,0,0,0,0,
ESP-La Liga,2324,Almería,Diego Mariño,ESP,GK,33,1990,1,1,90,1.0,2,2.0,4,2,50.0,0,0,1,0,0.0,2,2,0,0,0.0
ESP-La Liga,2324,Almería,Fernando,ESP,GK,33,1990,4,4,360,4.0,10,2.5,23,13,56.5,1,1,2,0,0.0,0,0,0,0,
ESP-La Liga,2324,Almería,Luís Maximiano,POR,GK,24,1999,33,33,2970,33.0,63,1.91,171,112,63.2,2,11,20,3,9.1,7,4,1,2,20.0
ESP-La Liga,2324,Athletic Club,Julen Agirrezabala,ESP,GK,22,2000,4,2,238,2.6,4,1.51,12,8,66.7,1,0,1,1,50.0,0,0,0,0,
ESP-La Liga,2324,Athletic Club,Unai Simón,ESP,GK,26,1997,36,36,3182,35.4,33,0.93,121,91,72.7,18,11,7,15,41.7,5,1,3,1,75.0
ESP-La Liga,2324,Atlético Madrid,Jan Oblak,SVN,GK,30,1993,38,38,3420,38.0,43,1.13,144,101,70.1,24,4,10,11,28.9,2,1,0,1,0.0
ESP-La Liga,2324,Barcelona,Iñaki Peña,ESP,GK,24,1999,10,10,900,10.0,17,1.7,39,22,56.4,6,2,2,2,20.0,0,0,0,0,
ESP-La Liga,2324,Barcelona,Marc-André ter Stegen,GER,GK,31,1992,28,28,2520,28.0,27,0.96,102,75,73.5,20,5,3,12,42.9,2,2,0,0,0.0
ESP-La Liga,2324,Celta Vigo,Iván Villar,ESP,GK,26,1997,12,12,1014,11.3,18,1.6,45,27,60.0,2,4,6,0,0.0,3,2,1,0,33.3
ESP-La Liga,2324,Celta Vigo,Vicente Guaita,ESP,GK,36,1987,27,26,2403,26.7,39,1.46,122,83,68.0,8,7,11,2,7.7,5,4,0,1,0.0
ESP-La Liga,2324,Cádiz,David Gil,ESP,GK,29,1994,5,4,372,4.1,8,1.94,25,17,68.0,0,3,1,1,25.0,0,0,0,0,
ESP-La Liga,2324,Cádiz,Jeremías Ledesma,ARG,GK,30,1993,34,34,3048,33.9,47,1.39,152,105,69.1,6,12,16,7,20.6,2,2,0,0,0.0
ESP-La Liga,2324,Getafe,Daniel Fuzato,BRA,GK,26,1997,1,0,7,0.1,2,25.71,2,0,0.0,0,0,0,0,,0,0,0,0,
ESP-La Liga,2324,Getafe,David Soria,ESP,GK,30,1993,38,38,3413,37.9,52,1.37,174,122,70.1,10,13,15,10,26.3,7,5,1,1,16.7
ESP-La Liga,2324,Girona,Paulo Gazzaniga,ARG,GK,31,1992,38,38,3420,38.0,46,1.21,164,123,72.0,25,6,7,9,23.7,7,5,1,1,16.7
ESP-La Liga,2324,Granada,André Ferreira,POR,GK,27,1996,15,14,1340,14.9,29,1.95,78,49,62.8,0,5,9,0,0.0,3,3,0,0,0.0
ESP-La Liga,2324,Granada,Augusto Batalla,ARG,GK,27,1996,17,17,1530,17.0,28,1.65,87,59,67.8,3,4,10,3,17.6,0,0,0,0,
ESP-La Liga,2324,Granada,Marc Martínez,ESP,GK,33,1990,3,3,270,3.0,11,3.67,23,12,52.2,0,0,3,0,0.0,2,2,0,0,0.0
ESP-La Liga,2324,Granada,Raúl Fernández,ESP,GK,35,1988,4,4,280,3.1,11,3.54,19,8,42.1,1,0,3,0,0.0,1,0,0,1,
ESP-La Liga,2324,Las Palmas,Aarón Escandell,ESP,GK,27,1995,2,1,153,1.7,3,1.76,4,1,25.0,0,0,1,0,0.0,0,0,0,0,
ESP-La Liga,2324,Las Palmas,Álvaro Vallés,ESP,GK,26,1997,37,37,3263,36.3,44,1.21,147,109,70.1,10,10,17,8,21.6,8,4,3,1,42.9
ESP-La Liga,2324,Mallorca,Dominik Greif,SVK,GK,26,1997,1,1,90,1.0,0,0.0,4,4,100.0,0,1,0,1,100.0,0,0,0,0,
ESP-La Liga,2324,Mallorca,Iván Cuéllar,ESP,GK,39,1984,1,1,90,1.0,1,1.0,6,5,83.3,1,0,0,0,0.0,0,0,0,0,
ESP-La Liga,2324,Mallorca,Predrag Rajković,SRB,GK,27,1995,36,36,3240,36.0,43,1.19,141,98,69.5,7,15,14,5,13.9,5,4,1,0,20.0
ESP-La Liga,2324,Osasuna,Aitor Fernández,ESP,GK,32,1991,7,6,551,6.1,9,1.47,20,11,55.0,0,2,4,1,16.7,1,1,0,0,0.0
ESP-La Liga,2324,Osasuna,Sergio Herrera,ESP,GK,30,1993,32,32,2869,31.9,47,1.47,132,85,64.4,12,7,13,9,28.1,1,0,1,0,100.0
ESP-La Liga,2324,Rayo Vallecano,Dani Cárdenas,ESP,GK,26,1997,1,1,90,1.0,1,1.0,1,0,0.0,0,0,1,0,0.0,0,0,0,0,
ESP-La Liga,2324,Rayo Vallecano,Stole Dimitrievski,MKD,GK,29,1993,37,37,3330,37.0,47,1.27,153,106,69.3,8,14,15,9,24.3,2,1,1,0,50.0
ESP-La Liga,2324,Real Betis,Claudio Bravo,CHI,GK,40,1983,7,7,630,7.0,5,0.71,22,17,77.3,3,4,0,2,28.6,0,0,0,0,
ESP-La Liga,2324,Real Betis,Fran Vieites,ESP,GK,24,1999,4,3,315,3.5,4,1.14,18,14,77.8,1,2,0,1,33.3,0,0,0,0,
ESP-La Liga,2324,Real Betis,Rui Silva,POR,GK,29,1994,28,28,2475,27.5,36,1.31,122,86,70.5,10,9,9,7,25.0,8,7,1,0,12.5
ESP-La Liga,2324,Real Madrid,Andriy Lunin,UKR,GK,24,1999,21,21,1890,21.0,17,0.81,65,48,73.8,16,5,0,4,19.0,1,1,0,0,0.0
ESP-La Liga,2324,Real Madrid,Kepa Arrizabalaga,ESP,GK,28,1994,14,13,1198,13.3,9,0.68,39,30,76.9,10,2,1,4,30.8,0,0,0,0,
ESP-La Liga,2324,Real Madrid,Thibaut Courtois,BEL,GK,31,1992,4,4,332,3.7,0,0.0,16,15,100.0,3,1,0,0,0.0,0,0,0,0,
ESP-La Liga,2324,Real Sociedad,Unai Marrero,ESP,GK,21,2001,2,1,142,1.6,3,1.9,6,3,50.0,0,0,1,0,0.0,1,1,0,0,0.0
ESP-La Liga,2324,Real Sociedad,Álex Remiro,ESP,GK,28,1995,37,37,3275,36.4,36,0.99,126,95,71.4,16,12,9,13,35.1,6,5,1,0,16.7
ESP-La Liga,2324,Sevilla,Marko Dmitrović,SRB,GK,31,1992,13,13,1170,13.0,25,1.92,69,44,63.8,2,2,9,2,15.4,2,2,0,0,0.0
ESP-La Liga,2324,Sevilla,Yassine Bounou,MAR,GK,32,1991,1,1,90,1.0,2,2.0,3,1,33.3,0,0,1,0,0.0,0,0,0,0,
ESP-La Liga,2324,Sevilla,Ørjan Nyland,NOR,GK,32,1990,24,24,2160,24.0,27,1.13,106,79,74.5,8,9,7,5,20.8,3,3,0,0,0.0
ESP-La Liga,2324,Valencia,Cristian,ESP,GK,25,1998,1,0,57,0.6,1,1.58,3,2,66.7,0,0,0,0,,0,0,0,0,
ESP-La Liga,2324,Valencia,Giorgi Mamardashvili,GEO,GK,22,2000,37,37,3284,36.5,41,1.12,140,104,70.7,13,10,14,9,24.3,6,3,3,0,50.0
ESP-La Liga,2324,Valencia,Jaume Doménech,ESP,GK,32,1990,2,1,79,0.9,3,3.42,12,9,75.0,0,0,1,0,0.0,0,0,0,0,
ESP-La Liga,2324,Villarreal,Filip Jørgensen,DEN,GK,21,2002,36,36,3240,36.0,63,1.75,206,143,69.4,13,10,13,3,8.3,5,5,0,0,0.0
ESP-La Liga,2324,Villarreal,Pepe Reina,ESP,GK,40,1982,2,2,180,2.0,2,1.0,9,7,77.8,1,1,0,0,0.0,0,0,0,0,
GER-Bundesliga,2324,Augsburg,Finn Dahmen,GER,GK,25,1998,31,31,2790,31.0,52,1.68,160,108,67.5,10,9,12,3,9.7,10,7,2,1,22.2
GER-Bundesliga,2324,Augsburg,Tomáš Koubek,CZE,GK,30,1992,3,3,270,3.0,8,2.67,25,17,68.0,0,0,3,0,0.0,0,0,0,0,
GER-Bundesliga,2324,Bayern Munich,Daniel Peretz,ISR,GK,23,2000,1,0,17,0.2,0,0.0,0,0,,0,0,0,0,,0,0,0,0,
GER-Bundesliga,2324,Bayern Munich,Manuel Neuer,GER,GK,37,1986,23,23,2053,22.8,33,1.45,92,59,64.1,16,1,6,6,26.1,3,2,1,0,33.3
GER-Bundesliga,2324,Bayern Munich,Sven Ulreich,GER,GK,34,1988,11,11,990,11.0,12,1.09,31,19,61.3,7,2,2,4,36.4,1,1,0,0,0.0
GER-Bundesliga,2324,Bochum,Andreas Luthe,GER,GK,36,1987,1,1,90,1.0,4,4.0,5,1,20.0,0,0,1,0,0.0,0,0,0,0,
GER-Bundesliga,2324,Bochum,Manuel Riemann,GER,GK,34,1988,33,33,2970,33.0,70,2.12,185,115,62.2,7,12,14,4,12.1,11,9,2,0,18.2
GER-Bundesliga,2324,Darmstadt 98,Alexander Brunst,GER,GK,28,1995,3,3,270,3.0,10,3.33,17,7,41.2,0,1,2,0,0.0,0,0,0,0,
GER-Bundesliga,2324,Darmstadt 98,Marcel Schuhen,GER,GK,30,1993,31,31,2790,31.0,76,2.45,199,123,61.8,3,7,21,3,9.7,2,1,1,0,50.0
GER-Bundesliga,2324,Dortmund,Alexander Meyer,GER,GK,32,1991,8,7,695,7.7,9,1.17,28,19,67.9,4,1,2,3,42.9,0,0,0,0,
GER-Bundesliga,2324,Dortmund,Gregor Kobel,SUI,GK,25,1997,27,27,2365,26.3,34,1.29,118,84,71.2,14,8,5,7,25.9,6,5,1,0,16.7
GER-Bundesliga,2324,Frankfurt,Jens Grahl,GER,GK,34,1988,2,2,180,2.0,2,1.0,9,7,77.8,1,1,0,0,0.0,0,0,0,0,
GER-Bundesliga,2324,Frankfurt,Kevin Trapp,GER,GK,33,1990,32,32,2880,32.0,48,1.5,135,87,64.4,10,13,9,7,21.9,11,9,2,0,18.2
GER-Bundesliga,2324,Freiburg,Noah Atubolu,GER,GK,21,2002,34,34,3060,34.0,58,1.71,159,101,63.5,11,9,14,9,26.5,5,3,2,0,40.0
GER-Bundesliga,2324,Gladbach,Jonas Omlin,SUI,GK,29,1994,7,7,630,7.0,18,2.57,47,29,61.7,1,2,4,0,0.0,2,2,0,0,0.0
GER-Bundesliga,2324,Gladbach,Moritz Nicolas,GER,GK,25,1997,27,27,2430,27.0,49,1.81,159,113,69.2,6,11,10,4,14.8,4,4,0,0,0.0
GER-Bundesliga,2324,Heidenheim,Kevin Müller,GER,GK,32,1991,34,34,3060,34.0,55,1.62,178,123,69.1,10,12,12,5,14.7,10,7,1,2,12.5
GER-Bundesliga,2324,Hoffenheim,Oliver Baumann,GER,GK,33,1990,34,34,3060,34.0,66,1.94,209,143,68.4,13,7,14,1,2.9,5,2,3,0,60.0
GER-Bundesliga,2324,Köln,Marvin Schwäbe,GER,GK,28,1995,34,34,3060,34.0,60,1.76,169,109,64.5,5,12,17,3,8.8,3,3,0,0,0.0
GER-Bundesliga,2324,Leverkusen,Lukáš Hrádecký,FIN,GK,33,1989,33,33,2970,33.0,24,0.73,102,78,76.5,28,5,0,15,45.5,0,0,0,0,
GER-Bundesliga,2324,Leverkusen,Matej Kovar,CZE,GK,23,2000,1,1,90,1.0,0,0.0,3,3,100.0,0,1,0,1,100.0,0,0,0,0,
GER-Bundesliga,2324,Mainz 05,Daniel Batz,GER,GK,32,1991,4,4,360,4.0,3,0.75,17,14,82.4,0,2,2,1,25.0,0,0,0,0,
GER-Bundesliga,2324,Mainz 05,Robin Zentner,GER,GK,28,1994,30,30,2700,30.0,48,1.6,130,82,63.1,7,12,11,7,23.3,4,3,0,1,0.0
GER-Bundesliga,2324,RB Leipzig,Janis Blaswich,GER,GK,32,1991,21,21,1890,21.0,30,1.43,77,47,61.0,10,4,7,5,23.8,4,4,0,0,0.0
GER-Bundesliga,2324,RB Leipzig,Péter Gulácsi,HUN,GK,33,1990,13,13,1170,13.0,9,0.69,42,33,78.6,9,4,0,5,38.5,1,0,0,1,
GER-Bundesliga,2324,Stuttgart,Alexander Nübel,GER,GK,26,1996,30,30,2700,30.0,36,1.2,108,74,66.7,20,3,7,9,30.0,3,3,0,0,0.0
GER-Bundesliga,2324,Stuttgart,Fabian Bredlow,GER,GK,28,1995,4,4,360,4.0,3,0.75,22,19,86.4,3,1,0,1,25.0,0,0,0,0,
GER-Bundesliga,2324,Union Berlin,Alexander Schwolow,GER,GK,31,1992,1,1,90,1.0,2,2.0,6,4,66.7,0,0,1,0,0.0,0,0,0,0,
GER-Bundesliga,2324,Union Berlin,Frederik Rønnow,DEN,GK,30,1992,33,33,2970,33.0,56,1.7,162,106,65.4,9,6,18,7,21.2,7,5,2,0,28.6
GER-Bundesliga,2324,Werder Bremen,Jiří Pavlenka,CZE,GK,31,1992,7,7,630,7.0,17,2.43,39,22,56.4,2,0,5,1,14.3,2,2,0,0,0.0
GER-Bundesliga,2324,Werder Bremen,Michael Zetterer,GER,GK,28,1995,27,27,2430,27.0,37,1.37,130,93,71.5,9,9,9,5,18.5,4,4,0,0,0.0
GER-Bundesliga,2324,Wolfsburg,Koen Casteels,BEL,GK,31,1992,25,25,2250,25.0,39,1.56,117,78,66.7,8,6,11,3,12.0,3,2,0,1,0.0
GER-Bundesliga,2324,Wolfsburg,Pavao Pervan,AUT,GK,35,1987,9,9,810,9.0,17,1.89,37,20,54.1,2,1,6,2,22.2,0,0,0,0,
ITA-Serie A,2324,Atalanta,Francesco Rossi,ITA,GK,32,1991,1,0,5,0.1,0,0.0,1,1,100.0,0,0,0,1,,0,0,0,0,
ITA-Serie A,2324,Atalanta,Juan Musso,ARG,GK,29,1994,11,11,990,11.0,12,1.09,35,23,65.7,6,1,4,6,54.5,2,2,0,0,0.0
ITA-Serie A,2324,Atalanta,Marco Carnesecchi,ITA,GK,23,2000,27,27,2425,26.9,30,1.11,101,76,70.3,15,5,7,8,29.6,7,4,2,1,33.3
ITA-Serie A,2324,Bologna,Federico Ravaglia,ITA,GK,23,1999,6,6,535,5.9,3,0.5,16,13,81.3,4,1,1,4,66.7,1,0,1,0,100.0
ITA-Serie A,2324,Bologna,Nicola Bagnolini,ITA,GK,19,2004,1,0,5,0.1,0,0.0,1,1,100.0,0,0,0,0,,0,0,0,0,
ITA-Serie A,2324,Bologna,Łukasz Skorupski,POL,GK,32,1991,32,32,2880,32.0,29,0.91,105,79,72.4,14,13,5,12,37.5,6,3,1,2,25.0
ITA-Serie A,2324,Cagliari,Boris Radunović,SRB,GK,27,1996,7,7,630,7.0,12,1.71,28,16,57.1,0,2,5,2,28.6,1,0,0,1,
ITA-Serie A,2324,Cagliari,Simone Aresti,ITA,GK,37,1986,1,0,1,0.0,1,90.0,1,0,0.0,0,0,0,0,,1,1,0,0,0.0
ITA-Serie A,2324,Cagliari,Simone Scuffet,ITA,GK,27,1996,31,31,2789,31.0,55,1.77,134,79,59.0,8,10,13,3,9.7,3,3,0,0,0.0
ITA-Serie A,2324,Empoli,Elia Caprile,ITA,GK,21,2001,23,23,2070,23.0,27,1.17,106,79,74.5,6,6,11,4,17.4,5,4,1,0,20.0
ITA-Serie A,2324,Empoli,Etrit Berisha,ALB,GK,34,1989,14,14,1260,14.0,25,1.79,74,49,66.2,3,3,8,4,28.6,3,2,1,0,33.3
ITA-Serie A,2324,Empoli,Samuele Perisan,ITA,GK,25,1997,1,1,90,1.0,2,2.0,5,3,60.0,0,0,1,0,0.0,0,0,0,0,
ITA-Serie A,2324,Fiorentina,Oliver Christensen,DEN,GK,24,1999,4,4,360,4.0,9,2.25,19,10,52.6,1,1,2,0,0.0,2,2,0,0,0.0
ITA-Serie A,2324,Fiorentina,Pietro Terracciano,ITA,GK,33,1990,33,33,2970,33.0,35,1.06,126,91,72.2,15,8,10,8,24.2,7,6,1,0,14.3
ITA-Serie A,2324,Fiorentina,Tommaso Martinelli,ITA,GK,17,2006,1,1,90,1.0,2,2.0,3,1,33.3,1,0,0,0,0.0,0,0,0,0,
ITA-Serie A,2324,Frosinone,Michele Cerofolini,ITA,GK,24,1999,8,7,675,7.5,11,1.47,29,18,62.1,2,2,3,0,0.0,1,0,0,1,
ITA-Serie A,2324,Frosinone,Stefano Turati,ITA,GK,21,2001,31,31,2745,30.5,58,1.9,155,97,62.6,6,9,16,4,12.9,7,5,1,1,16.7
ITA-Serie A,2324,Genoa,Daniele Sommariva,ITA,GK,26,1997,1,0,5,0.1,0,0.0,0,0,,0,0,0,1,,0,0,0,0,
ITA-Serie A,2324,Genoa,Josep Martinez,ESP,GK,25,1998,36,36,3239,36.0,43,1.19,130,87,66.9,11,13,12,8,22.2,4,3,1,0,25.0
ITA-Serie A,2324,Genoa,Nicola Leali,ITA,GK,30,1993,3,2,176,2.0,2,1.02,9,7,77.8,1,0,1,1,50.0,0,0,0,0,
ITA-Serie A,2324,Hellas Verona,Lorenzo Montipò,ITA,GK,27,1996,37,37,3330,37.0,49,1.32,153,105,68.0,9,10,18,8,21.6,2,2,0,0,0.0
ITA-Serie A,2324,Hellas Verona,Simone Perilli,ITA,GK,28,1995,1,1,90,1.0,2,2.0,10,8,80.0,0,1,0,0,0.0,0,0,0,0,
ITA-Serie A,2324,Inter,Emil Audero,IDN,GK,26,1997,4,4,337,3.7,3,0.8,11,8,72.7,2,1,1,2,50.0,0,0,0,0,
ITA-Serie A,2324,Inter,Raffaele Di Gennaro,ITA,GK,29,1993,1,0,23,0.3,0,0.0,4,4,100.0,0,0,0,0,,0,0,0,0,
ITA-Serie A,2324,Inter,Yann Sommer,SUI,GK,34,1988,34,34,3060,34.0,19,0.56,98,79,80.6,27,6,1,17,50.0,4,2,1,1,33.3
ITA-Serie A,2324,Juventus,Carlo Pinsoglio,ITA,GK,33,1990,1,0,45,0.5,0,0.0,3,3,100.0,0,0,0,1,,0,0,0,0,
ITA-Serie A,2324,Juventus,Mattia Perin,ITA,GK,30,1992,3,3,225,2.5,1,0.4,5,4,80.0,2,1,0,2,66.7,0,0,0,0,
ITA-Serie A,2324,Juventus,Wojciech Szczęsny,POL,GK,33,1990,35,35,3150,35.0,30,0.86,111,81,73.0,17,13,5,14,40.0,3,2,1,0,33.3
ITA-Serie A,2324,Lazio,Christos Mandas,GRE,GK,21,2001,9,8,721,8.0,6,0.75,29,23,79.3,6,1,1,2,25.0,0,0,0,0,
ITA-Serie A,2324,Lazio,Ivan Provedel,ITA,GK,29,1994,30,30,2699,30.0,33,1.1,119,86,72.3,12,6,12,9,30.0,3,2,0,1,0.0
ITA-Serie A,2324,Lecce,Wladimiro Falcone,ITA,GK,28,1995,38,38,3420,38.0,54,1.42,172,121,68.6,8,14,16,5,13.2,6,5,1,0,16.7
ITA-Serie A,2324,Milan,Antonio Mirante,ITA,GK,40,1983,2,2,177,2.0,3,1.53,8,5,62.5,0,1,1,0,0.0,0,0,0,0,
ITA-Serie A,2324,Milan,Lapo Nava,ITA,GK,19,2004,1,0,3,0.0,1,30.0,2,1,50.0,0,0,0,0,,0,0,0,0,
ITA-Serie A,2324,Milan,Marco Sportiello,ITA,GK,31,1992,7,7,630,7.0,11,1.57,34,23,67.6,3,3,1,1,14.3,1,1,0,0,0.0
ITA-Serie A,2324,Milan,Mike Maignan,FRA,GK,28,1995,29,29,2609,29.0,34,1.17,121,87,71.9,19,5,5,11,37.9,7,7,0,0,0.0
ITA-Serie A,2324,Monza,Alessandro Sorrentino,ITA,GK,21,2002,7,5,548,6.1,16,2.63,32,16,50.0,0,1,4,0,0.0,4,4,0,0,0.0
ITA-Serie A,2324,Monza,Michele Di Gregorio,ITA,GK,26,1997,33,33,2872,31.9,35,1.1,155,124,77.4,11,11,11,12,36.4,5,3,2,0,40.0
ITA-Serie A,2324,Napoli,Alex Meret,ITA,GK,26,1997,31,31,2773,30.8,40,1.3,102,62,60.8,10,13,8,5,16.1,4,2,2,0,50.0
ITA-Serie A,2324,Napoli,Nikita Contini,ITA,GK,27,1996,1,0,17,0.2,0,0.0,0,0,,0,0,0,1,,0,0,0,0,
ITA-Serie A,2324,Napoli,Pierluigi Gollini,ITA,GK,28,1995,7,7,630,7.0,8,1.14,24,16,66.7,3,1,3,1,14.3,0,0,0,0,
ITA-Serie A,2324,Roma,Mile Svilar,SRB,GK,23,1999,15,15,1350,15.0,19,1.27,77,59,75.3,7,4,4,5,33.3,2,1,1,0,50.0
ITA-Serie A,2324,Roma,Rui Patrício,POR,GK,35,1988,23,23,2070,23.0,27,1.17,76,49,64.5,11,5,7,6,26.1,3,2,0,1,0.0
ITA-Serie A,2324,Salernitana,Benoît Costil,FRA,GK,36,1987,13,13,1170,13.0,29,2.23,68,39,57.4,2,3,8,1,7.7,3,3,0,0,0.0
ITA-Serie A,2324,Salernitana,Guillermo Ochoa,MEX,GK,38,1985,21,21,1890,21.0,44,2.1,112,74,60.7,0,6,15,1,4.8,7,7,0,0,0.0
ITA-Serie A,2324,Salernitana,Vincenzo Fiorillo,ITA,GK,33,1990,4,4,360,4.0,8,2.0,26,18,69.2,0,2,2,0,0.0,0,0,0,0,
ITA-Serie A,2324,Sassuolo,Alessio Cragno,ITA,GK,29,1994,3,3,270,3.0,7,2.33,15,8,53.3,1,1,1,0,0.0,1,1,0,0,0.0
ITA-Serie A,2324,Sassuolo,Andrea Consigli,ITA,GK,36,1987,35,35,3150,35.0,68,1.94,163,95,58.3,6,8,21,2,5.7,10,7,1,2,12.5
ITA-Serie A,2324,Torino,Luca Gemello,ITA,GK,23,2000,2,2,180,2.0,5,2.5,9,4,44.4,0,0,2,0,0.0,1,1,0,0,0.0
ITA-Serie A,2324,Torino,Vanja Milinković-Savić,SRB,GK,26,1997,36,36,3240,36.0,31,0.86,134,103,76.9,13,14,9,17,47.2,6,6,0,0,0.0
ITA-Serie A,2324,Udinese,Maduka Okoye,NGA,GK,23,1999,21,21,1890,21.0,25,1.19,90,65,72.2,5,8,8,4,19.0,3,3,0,0,0.0
ITA-Serie A,2324,Udinese,Marco Silvestri,ITA,GK,32,1991,17,17,1530,17.0,28,1.65,69,41,59.4,1,11,5,4,23.5,6,6,0,0,0.0
FRA-Ligue 1,2324,Brest,Grégoire Coudert,FRA,GK,24,1999,3,2,181,2.0,0,0.0,4,4,100.0,2,0,0,2,100.0,0,0,0,0,
FRA-Ligue 1,2324,Brest,Marco Bizot,NED,GK,32,1991,32,32,2876,32.0,34,1.06,129,95,73.6,15,10,7,11,34.4,3,2,1,0,33.3
FRA-Ligue 1,2324,Clermont Foot,Massamba Ndiaye,SEN,GK,21,2001,4,4,360,4.0,6,1.5,23,17,73.9,1,2,1,0,0.0,1,1,0,0,0.0
FRA-Ligue 1,2324,Clermont Foot,Mory Diaw,SEN,GK,30,1993,30,30,2700,30.0,54,1.8,188,134,71.3,4,8,18,5,16.7,8,6,1,1,14.3
FRA-Ligue 1,2324,Le Havre,Arthur Desmas,FRA,GK,29,1994,33,33,2970,33.0,43,1.3,154,111,72.1,7,11,15,7,21.2,3,1,1,1,50.0
FRA-Ligue 1,2324,Le Havre,Mathieu Gorgelin,FRA,GK,32,1990,1,1,90,1.0,2,2.0,5,3,60.0,0,0,1,0,0.0,1,1,0,0,0.0
FRA-Ligue 1,2324,Lens,Brice Samba,FRA,GK,29,1994,33,33,2970,33.0,35,1.06,131,102,73.3,14,8,11,13,39.4,8,6,1,1,14.3
FRA-Ligue 1,2324,Lens,Jean-Louis Leca,FRA,GK,37,1985,1,1,90,1.0,2,2.0,3,1,33.3,0,1,0,0,0.0,0,0,0,0,
FRA-Ligue 1,2324,Lille,Lucas Chevalier,FRA,GK,21,2001,33,33,2969,33.0,32,0.97,124,92,74.2,16,10,7,15,45.5,5,3,2,0,40.0
FRA-Ligue 1,2324,Lille,Vito Mannone,ITA,GK,35,1988,2,1,91,1.0,2,1.98,5,3,60.0,0,1,0,0,0.0,0,0,0,0,
FRA-Ligue 1,2324,Lorient,Yvon Mvogo,SUI,GK,29,1994,34,34,3060,34.0,66,1.94,210,144,68.6,7,8,19,4,11.8,8,8,0,0,0.0
FRA-Ligue 1,2324,Lyon,Anthony Lopes,POR,GK,32,1990,31,31,2790,31.0,49,1.58,154,109,68.2,16,4,11,8,25.8,6,4,1,1,20.0
FRA-Ligue 1,2324,Lyon,Rémy Riou,FRA,GK,35,1987,3,3,270,3.0,6,2.0,14,8,57.1,0,1,2,1,33.3,0,0,0,0,
FRA-Ligue 1,2324,Marseille,Pau López,ESP,GK,28,1994,33,33,2939,32.7,39,1.19,125,88,68.8,13,11,9,7,21.2,3,3,0,0,0.0
FRA-Ligue 1,2324,Marseille,Rubén Blanco,ESP,GK,28,1995,2,1,121,1.3,2,1.49,6,4,66.7,0,0,1,0,0.0,0,0,0,0,
FRA-Ligue 1,2324,Metz,Alexandre Oukidja,ALG,GK,35,1988,34,34,2987,33.2,57,1.72,178,126,68.0,8,5,21,6,17.6,6,6,0,0,0.0
FRA-Ligue 1,2324,Metz,Guillaume Dietsch,FRA,GK,22,2001,1,0,73,0.8,1,1.23,3,2,66.7,0,0,0,0,,0,0,0,0,
FRA-Ligue 1,2324,Monaco,Philipp Köhn,SUI,GK,25,1998,22,22,1980,22.0,32,1.45,98,66,67.3,11,5,6,5,22.7,6,5,1,0,16.7
FRA-Ligue 1,2324,Monaco,Radosław Majecki,POL,GK,23,1999,12,12,1080,12.0,10,0.83,57,46,82.5,9,2,1,5,41.7,0,0,0,0,
FRA-Ligue 1,2324,Montpellier,Benjamin Lecomte,FRA,GK,32,1991,30,30,2700,30.0,37,1.23,139,102,73.4,9,11,10,10,33.3,5,4,1,0,20.0
FRA-Ligue 1,2324,Montpellier,Dimitry Bertaud,COD,GK,25,1998,4,4,360,4.0,11,2.75,34,23,67.6,1,1,2,0,0.0,0,0,0,0,
FRA-Ligue 1,2324,Nantes,Alban Lafont,CIV,GK,24,1999,28,28,2496,27.7,43,1.55,111,75,61.3,7,4,17,6,21.4,8,8,0,0,0.0
FRA-Ligue 1,2324,Nantes,Denis Petrić,SRB,GK,35,1988,1,0,24,0.3,1,3.75,1,0,0.0,0,0,0,0,,0,0,0,0,
FRA-Ligue 1,2324,Nantes,Rémy Descamps,FRA,GK,27,1996,6,6,540,6.0,11,1.83,37,26,70.3,2,2,2,1,16.7,2,1,0,1,0.0
FRA-Ligue 1,2324,Nice,Marcin Bułka,POL,GK,23,1999,34,34,3060,34.0,29,0.85,96,74,69.8,15,10,9,17,50.0,8,5,3,0,37.5
FRA-Ligue 1,2324,PSG,Arnau Tenas,ESP,GK,22,2001,6,5,529,5.9,7,1.19,26,19,73.1,2,2,1,1,20.0,0,0,0,0,
FRA-Ligue 1,2324,PSG,Gianluigi Donnarumma,ITA,GK,24,1999,25,25,2169,24.1,20,0.83,111,91,82.0,18,6,1,11,44.0,4,3,1,0,25.0
FRA-Ligue 1,2324,PSG,Keylor Navas,CRC,GK,36,1986,4,4,360,4.0,6,1.5,12,6,50.0,2,2,0,1,25.0,1,1,0,0,0.0
FRA-Ligue 1,2324,Reims,Yehvann Diouf,SEN,GK,23,1999,34,34,3060,34.0,47,1.38,137,90,65.7,13,8,13,7,20.6,7,6,1,0,14.3
FRA-Ligue 1,2324,Rennes,Steve Mandanda,FRA,GK,38,1985,34,34,3060,34.0,46,1.35,151,105,69.5,12,10,12,7,20.6,3,3,0,0,0.0
FRA-Ligue 1,2324,Strasbourg,Alaa Bellaarouch,MAR,GK,21,2002,15,15,1350,15.0,26,1.73,63,37,58.7,4,2,9,2,13.3,4,3,1,0,25.0
FRA-Ligue 1,2324,Strasbourg,Matz Sels,BEL,GK,31,1992,19,19,1710,19.0,24,1.26,65,41,63.1,6,7,6,3,15.8,1,1,0,0,0.0
FRA-Ligue 1,2324,Toulouse,Guillaume Restes,FRA,GK,18,2005,34,34,3060,34.0,46,1.35,142,96,67.6,11,10,13,6,17.6,4,4,0,0,0.0
